data/ratedate,data/currency,data/buyingrate,data/centralrate,data/sellingrate
1/26/2022,US DOLLAR,414.99,415.49,415.99
1/26/2022,POUNDS STERLING,560.7345,561.4101,562.0857
1/26/2022,EURO,467.9842,468.5481,469.1119
1/26/2022,SWISS FRANC,450.8311,451.3743,451.9174
1/26/2022,YEN,3.6339,3.6383,3.6426
1/26/2022,CFA,0.6934,0.7034,0.7134
1/26/2022,WAUA,579.5862,580.2845,580.9828
1/26/2022,YUAN/RENMINBI,65.5884,65.6679,65.7473
1/26/2022,RIYAL,110.6256,110.7589,110.8922
1/26/2022,SOUTH AFRICAN RAND,27.3903,27.4233,27.4563
1/26/2022,DANISH KRONA,62.8839,62.9597,63.0355
1/26/2022,SDR,580.5295,581.229,581.9284
1/25/2022,US DOLLAR,414.82,415.32,415.82
1/25/2022,POUNDS STERLING,557.5181,558.1901,558.8621
1/25/2022,EURO,467.5851,468.1487,468.7123
1/25/2022,SWISS FRANC,450.9403,451.4839,452.0274
1/25/2022,YEN,3.6391,3.6435,3.6479
1/25/2022,CFA,0.6954,0.7054,0.7154
1/25/2022,WAUA,580.1752,580.8745,581.5738
1/25/2022,YUAN/RENMINBI,65.5315,65.6109,65.6904
1/25/2022,RIYAL,110.5803,110.7136,110.8469
1/25/2022,SOUTH AFRICAN RAND,27.0837,27.1164,27.149
1/25/2022,DANISH KRONA,62.7906,62.8663,62.942
1/25/2022,SDR,581.1213,581.8218,582.5222
1/24/2022,US DOLLAR,414.64,415.14,415.64
1/24/2022,POUNDS STERLING,559.3494,560.0239,560.6984
1/24/2022,EURO,468.8749,469.4403,470.0057
1/24/2022,SWISS FRANC,454.3502,454.8981,455.446
1/24/2022,YEN,3.6442,3.6486,3.653
1/24/2022,CFA,0.698,0.708,0.718
1/24/2022,WAUA,580.4804,581.1804,581.8804
1/24/2022,YUAN/RENMINBI,65.5476,65.6271,65.7066
1/24/2022,RIYAL,110.5323,110.6656,110.7989
1/24/2022,SOUTH AFRICAN RAND,27.1631,27.1959,27.2287
1/24/2022,DANISH KRONA,62.9807,63.0567,63.1326
1/24/2022,SDR,581.3253,582.0263,582.7273
1/21/2022,US DOLLAR,414.53,415.03,415.53
1/21/2022,POUNDS STERLING,562.0198,562.6977,563.3756
1/21/2022,EURO,469.7454,470.312,470.8786
1/21/2022,SWISS FRANC,453.8318,454.3792,454.9266
1/21/2022,YEN,3.6401,3.6445,3.6488
1/21/2022,CFA,0.6972,0.7072,0.7172
1/21/2022,WAUA,580.5214,581.2216,581.9218
1/21/2022,YUAN/RENMINBI,65.3752,65.4545,65.5338
1/21/2022,RIYAL,110.4824,110.6157,110.7489
1/21/2022,SOUTH AFRICAN RAND,27.3787,27.4117,27.4448
1/21/2022,DANISH KRONA,63.0972,63.1734,63.2495
1/21/2022,SDR,581.3369,582.0381,582.7393
1/20/2022,US DOLLAR,414.45,414.95,415.45
1/20/2022,POUNDS STERLING,563.8178,564.498,565.1782
1/20/2022,EURO,470.0277,470.5948,471.1618
1/20/2022,SWISS FRANC,452.6046,453.1506,453.6966
1/20/2022,YEN,3.626,3.6304,3.6347
1/20/2022,CFA,0.6974,0.7074,0.7174
1/20/2022,WAUA,580.245,580.945,581.645
1/20/2022,YUAN/RENMINBI,65.3152,65.3944,65.4737
1/20/2022,RIYAL,110.4817,110.615,110.7483
1/20/2022,SOUTH AFRICAN RAND,27.2876,27.3206,27.3535
1/20/2022,DANISH KRONA,63.1408,63.217,63.2932
1/20/2022,SDR,581.1418,581.8429,582.544
1/19/2022,US DOLLAR,414.3,414.8,415.3
1/19/2022,POUNDS STERLING,564.8566,565.5383,566.22
1/19/2022,EURO,469.8576,470.4247,470.9917
1/19/2022,SWISS FRANC,452.0458,452.5914,453.1369
1/19/2022,YEN,3.6187,3.623,3.6274
1/19/2022,CFA,0.6983,0.7083,0.7183
1/19/2022,WAUA,580.3913,581.0918,581.7922
1/19/2022,YUAN/RENMINBI,65.2709,65.3502,65.4294
1/19/2022,RIYAL,110.4358,110.5691,110.7024
1/19/2022,SOUTH AFRICAN RAND,26.9553,26.9878,27.0203
1/19/2022,DANISH KRONA,63.1276,63.2038,63.28
1/19/2022,SDR,581.5115,582.2133,582.9151
1/18/2022,US DOLLAR,414.17,414.67,415.17
1/18/2022,POUNDS STERLING,563.3955,564.0756,564.7558
1/18/2022,EURO,471.6982,472.2677,472.8371
1/18/2022,YEN,3.6115,3.6159,3.6202
1/18/2022,CFA,0.7033,0.7133,0.7233
1/18/2022,WAUA,582.1689,582.8717,583.5745
1/18/2022,YUAN/RENMINBI,65.155,65.2341,65.3132
1/18/2022,RIYAL,110.3865,110.5197,110.653
1/18/2022,DANISH KRONA,63.3617,63.4382,63.5147
1/17/2022,US DOLLAR,414,414.5,415
1/17/2022,POUNDS STERLING,565.6896,566.3728,567.056
1/17/2022,EURO,472.581,473.1518,473.7225
1/17/2022,SWISS FRANC,452.7559,453.3027,453.8495
1/17/2022,YEN,3.616,3.6204,3.6248
1/17/2022,CFA,0.703,0.713,0.723
1/17/2022,WAUA,581.8734,582.5762,583.2789
1/17/2022,YUAN/RENMINBI,65.2072,65.2865,65.3657
1/17/2022,RIYAL,110.3294,110.4626,110.5959
1/17/2022,SOUTH AFRICAN RAND,26.8967,26.9292,26.9617
1/17/2022,DANISH KRONA,63.494,63.5707,63.6474
1/17/2022,SDR,582.8706,583.5746,584.2785
1/14/2022,US DOLLAR,413.89,414.39,414.89
1/14/2022,POUNDS STERLING,568.1054,568.7917,569.478
1/14/2022,EURO,474.0696,474.6423,475.215
1/14/2022,SWISS FRANC,453.9263,454.4747,455.023
1/14/2022,YEN,3.6332,3.6376,3.6419
1/14/2022,CFA,0.704,0.714,0.724
1/14/2022,WAUA,581.6622,582.3649,583.0676
1/14/2022,YUAN/RENMINBI,65.1478,65.227,65.3062
1/14/2022,RIYAL,110.2883,110.4216,110.5548
1/14/2022,SOUTH AFRICAN RAND,27.0024,27.035,27.0676
1/14/2022,DANISH KRONA,63.696,63.7729,63.8499
1/14/2022,SDR,582.5088,583.2125,583.9162
1/13/2022,US DOLLAR,413.79,414.29,414.79
1/13/2022,POUNDS STERLING,567.9268,568.613,569.2993
1/13/2022,EURO,474.0792,474.6521,475.2249
1/13/2022,SWISS FRANC,453.5182,454.0662,454.6142
1/13/2022,YEN,3.6136,3.6179,3.6223
1/13/2022,CFA,0.6978,0.7078,0.7178
1/13/2022,WAUA,579.1246,579.8244,580.5242
1/13/2022,YUAN/RENMINBI,64.9634,65.0423,65.1213
1/13/2022,RIYAL,110.2411,110.3743,110.5075
1/13/2022,SOUTH AFRICAN RAND,26.9002,26.9327,26.9652
1/13/2022,DANISH KRONA,63.1866,63.2629,63.3393
1/13/2022,SDR,580.0922,580.7932,581.4941
1/12/2022,US DOLLAR,413.61,414.11,414.61
1/12/2022,POUNDS STERLING,564.2054,564.8875,565.5695
1/12/2022,EURO,470.1091,470.6774,471.2457
1/12/2022,SWISS FRANC,448.0178,448.5594,449.101
1/12/2022,YEN,3.5845,3.5888,3.5931
1/12/2022,CFA,0.6954,0.7054,0.7154
1/12/2022,WAUA,578.2752,578.9742,579.6733
1/12/2022,YUAN/RENMINBI,64.9351,65.0141,65.093
1/12/2022,RIYAL,110.1873,110.3205,110.4537
1/12/2022,SOUTH AFRICAN RAND,26.6893,26.7216,26.7539
1/12/2022,DANISH KRONA,63.1591,63.2355,63.3118
1/12/2022,SDR,579.2194,579.9196,580.6198
1/11/2022,US DOLLAR,413.44,413.94,414.44
1/11/2022,POUNDS STERLING,561.6582,562.3375,563.0167
1/11/2022,EURO,468.8823,469.4494,470.0164
1/11/2022,SWISS FRANC,446.1422,446.6818,447.2213
1/11/2022,YEN,3.5814,3.5858,3.5901
1/11/2022,CFA,0.6924,0.7024,0.7124
1/11/2022,WAUA,576.9477,577.6455,578.3432
1/11/2022,YUAN/RENMINBI,64.8616,64.9405,65.0194
1/11/2022,RIYAL,110.1361,110.2693,110.4025
1/11/2022,SOUTH AFRICAN RAND,26.5112,26.5433,26.5754
1/11/2022,DANISH KRONA,62.9965,63.0727,63.1489
1/11/2022,SDR,578.7747,579.4746,580.1746
1/10/2022,US DOLLAR,413.26,413.76,414.26
1/10/2022,POUNDS STERLING,560.9591,561.6378,562.3165
1/10/2022,EURO,467.893,468.4591,469.0252
1/10/2022,SWISS FRANC,448.0269,448.569,449.111
1/10/2022,YEN,3.5851,3.5895,3.5938
1/10/2022,CFA,0.6924,0.7024,0.7124
1/10/2022,WAUA,576.9471,577.6452,578.3432
1/10/2022,YUAN/RENMINBI,64.8496,64.9285,65.0075
1/10/2022,RIYAL,110.0882,110.2214,110.3546
1/10/2022,SOUTH AFRICAN RAND,26.4297,26.4617,26.4936
1/10/2022,DANISH KRONA,62.8867,62.9628,63.0389
1/10/2022,SDR,577.8201,578.5192,579.2183
1/7/2022,US DOLLAR,413.14,413.64,414.14
1/7/2022,POUNDS STERLING,559.7634,560.4408,561.1183
1/7/2022,EURO,466.8895,467.4546,468.0196
1/7/2022,SWISS FRANC,447.9454,448.4875,449.0296
1/7/2022,YEN,3.5677,3.572,3.5763
1/7/2022,CFA,0.6932,0.7032,0.7132
1/7/2022,WAUA,576.7905,577.4885,578.1866
1/7/2022,YUAN/RENMINBI,64.7678,64.8466,64.9255
1/7/2022,RIYAL,110.0562,110.1894,110.3226
1/7/2022,SOUTH AFRICAN RAND,26.419,26.451,26.4829
1/7/2022,DANISH KRONA,62.7662,62.8422,62.9182
1/7/2022,SDR,577.735,578.4342,579.1334
1/6/2022,US DOLLAR,412.96,413.46,413.96
1/6/2022,POUNDS STERLING,559.024,559.7008,560.3777
1/6/2022,EURO,466.9339,467.4992,468.0646
1/6/2022,SWISS FRANC,449.4558,450,450.5442
1/6/2022,YEN,3.5652,3.5695,3.5739
1/6/2022,CFA,0.6907,0.7007,0.7107
1/6/2022,WAUA,575.5174,576.2142,576.911
1/6/2022,YUAN/RENMINBI,64.7375,64.8164,64.8952
1/6/2022,RIYAL,110.0171,110.1503,110.2835
1/6/2022,SOUTH AFRICAN RAND,26.2052,26.2369,26.2687
1/6/2022,DANISH KRONA,62.7532,62.8292,62.9052
1/6/2022,SDR,577.7723,578.4719,579.1714
1/5/2022,US DOLLAR,412.79,413.29,413.79
1/5/2022,POUNDS STERLING,559.0828,559.76,560.4372
1/5/2022,EURO,467.1957,467.7616,468.3275
1/5/2022,SWISS FRANC,450.7917,451.3378,451.8838
1/5/2022,YEN,3.5678,3.5721,3.5764
1/5/2022,CFA,0.6907,0.7007,0.7107
1/5/2022,WAUA,575.5168,576.2139,576.911
1/5/2022,YUAN/RENMINBI,64.8166,64.8955,64.9745
1/5/2022,RIYAL,109.8927,110.0258,110.1589
1/5/2022,SOUTH AFRICAN RAND,26.0187,26.0503,26.0818
1/5/2022,DANISH KRONA,62.7903,62.8664,62.9425
1/5/2022,SDR,576.5025,577.2008,577.8991
1/4/2022,US DOLLAR,412.67,413.17,413.67
1/4/2022,POUNDS STERLING,556.6506,557.325,557.9995
1/4/2022,EURO,465.6981,466.2623,466.8266
1/4/2022,SWISS FRANC,449.3358,449.8802,450.4247
1/4/2022,YEN,3.552,3.5563,3.5606
1/4/2022,CFA,0.6907,0.7007,0.7107
1/4/2022,WAUA,575.5164,576.2137,576.911
1/4/2022,YUAN/RENMINBI,64.7316,64.8105,64.8894
1/4/2022,RIYAL,109.8695,110.0027,110.1358
1/4/2022,SOUTH AFRICAN RAND,25.7516,25.7828,25.814
1/4/2022,DANISH KRONA,62.594,62.6699,62.7457
1/4/2022,SDR,578.1507,578.8512,579.5517
12/31/2021,US DOLLAR,412.49,412.99,413.49
12/31/2021,POUNDS STERLING,555.7478,556.4214,557.0951
12/31/2021,EURO,446.9387,467.5047,468.0707
12/31/2021,SWISS FRANC,451.5984,452.1458,452.6932
12/31/2021,YEN,3.5828,3.5872,3.5915
12/31/2021,CFA,0.6907,0.7007,0.7107
12/31/2021,WAUA,575.5158,576.2134,576.911
12/31/2021,YUAN/RENMINBI,64.9602,65.0394,65.1186
12/31/2021,RIYAL,109.8509,109.984,110.1172
12/31/2021,SOUTH AFRICAN RAND,25.8449,25.8762,25.9076
12/31/2021,DANISH KRONA,62.7753,62.8514,62.9275
12/31/2021,SDR,577.321,578.0208,578.7206
12/30/2021,US DOLLAR,411.7,412.2,412.7
12/30/2021,POUNDS STERLING,555.6303,556.3051,556.9799
12/30/2021,EURO,466.4149,466.9814,467.5478
12/30/2021,SWISS FRANC,449.847,450.3934,450.9397
12/30/2021,YEN,3.5763,3.5806,3.585
12/30/2021,CFA,0.6894,0.6994,0.7094
12/30/2021,WAUA,574.4659,575.1636,575.8613
12/30/2021,YUAN/RENMINBI,64.5532,64.632,64.7109
12/30/2021,RIYAL,109.6405,109.7736,109.9068
12/30/2021,SOUTH AFRICAN RAND,25.8231,25.8544,25.8858
12/30/2021,DANISH KRONA,62.7037,62.7799,62.856
12/30/2021,SDR,576.2153,576.9151,577.6149
12/29/2021,US DOLLAR,411,411.5,412
12/29/2021,POUNDS STERLING,552.3429,553.0149,553.6868
12/29/2021,EURO,464.5122,465.0773,465.6424
12/29/2021,SWISS FRANC,447.42,447.9643,448.5086
12/29/2021,YEN,3.578,3.5823,3.5867
12/29/2021,CFA,0.6894,0.6994,0.7094
12/29/2021,WAUA,574.4636,575.1624,575.8613
12/29/2021,YUAN/RENMINBI,64.495,64.5739,64.6528
12/29/2021,RIYAL,109.4599,109.5931,109.7262
12/29/2021,SOUTH AFRICAN RAND,25.9496,25.9812,26.0127
12/29/2021,DANISH KRONA,62.462,62.538,62.614
12/29/2021,SDR,575.2356,575.9354,576.6352
12/24/2021,US DOLLAR,410.95,411.45,411.95
12/24/2021,POUNDS STERLING,551.4127,552.0836,552.7545
12/24/2021,EURO,465.6885,466.2551,466.8217
12/24/2021,SWISS FRANC,447.7067,448.2514,448.7962
12/24/2021,YEN,3.5925,3.5969,3.6013
12/24/2021,CFA,0.6893,0.6993,0.7093
12/24/2021,WAUA,574.3936,575.0924,575.7913
12/24/2021,YUAN/RENMINBI,64.5327,64.6117,54.6906
12/24/2021,RIYAL,109.4233,109.5564,109.6895
12/24/2021,DANISH KRONA,62.6076,62.6838,62.7599
12/24/2021,SDR,575.1656,575.8654,576.5652
12/23/2021,US DOLLAR,410.9,411.4,411.9
12/23/2021,POUNDS STERLING,552.0031,552.6748,553.3465
12/23/2021,EURO,465.0155,465.5814,446.1472
12/23/2021,SWISS FRANC,446.1455,446.6884,447.2313
12/23/2021,YEN,3.5934,3.5977,3.6021
12/23/2021,CFA,0.6888,0.6988,0.7088
12/23/2021,WAUA,573.6252,574.3232,575.0212
12/23/2021,YUAN/RENMINBI,64.4965,64.5754,64.6544
12/23/2021,RIYAL,109.4158,109.5489,109.6821
12/23/2021,SOUTH AFRICAN RAND,26.1472,26.179,26.2108
12/23/2021,DANISH KRONA,62.5219,62.598,62.674
12/23/2021,SDR,574.3149,575.0138,575.7126
12/22/2021,US DOLLAR,410.93,411.43,411.93
12/22/2021,POUNDS STERLING,547.1944,547.8602,548.526
12/22/2021,EURO,464.4742,465.0393,465.6045
12/22/2021,SWISS FRANC,445.2113,445.753,446.2947
12/22/2021,YEN,3.5968,3.6011,3.6055
12/22/2021,CFA,0.6884,0.6984,0.7084
12/22/2021,WAUA,573.2747,573.9723,574.6698
12/22/2021,YUAN/RENMINBI,64.4982,64.5771,64.656
12/22/2021,RIYAL,109.4412,109.5744,109.7076
12/22/2021,SOUTH AFRICAN RAND,25.8583,25.8898,25.9212
12/22/2021,DANISH KRONA,62.4485,62.5245,62.6005
12/22/2021,SDR,573.987,574.6854,575.3838
12/21/2021,US DOLLAR,410.92,411.42,411.92
12/21/2021,POUNDS STERLING,544.469,545.1315,545.794
12/21/2021,EURO,463.8876,464.452,465.0165
12/21/2021,SWISS FRANC,445.4417,445.9837,446.5257
12/21/2021,YEN,3.6141,3.6185,3.6229
12/21/2021,CFA,0.687,0.697,0.707
12/21/2021,WAUA,572.8478,573.5449,574.2419
12/21/2021,YUAN/RENMINBI,64.4855,64.5644,64.6433
12/21/2021,RIYAL,109.4386,109.5717,109.7049
12/21/2021,SOUTH AFRICAN RAND,25.9454,25.9769,26.0085
12/21/2021,DANISH KRONA,62.3683,62.4442,62.5201
12/21/2021,SDR,573.5621,574.26,574.9579
12/20/2021,US DOLLAR,410.91,411.41,411.91
12/20/2021,POUNDS STERLING,542.7299,543.3903,544.0507
12/20/2021,EURO,463.1367,463.7002,464.2638
12/20/2021,SWISS FRANC,444.7559,445.2971,445.8383
12/20/2021,YEN,3.6149,3.6193,3.6237
12/20/2021,CFA,0.6901,0.7001,0.7101
12/20/2021,WAUA,572.9797,573.6769,574.3741
12/20/2021,YUAN/RENMINBI,64.4404,64.5193,64.5981
12/20/2021,RIYAL,109.4563,109.5895,109.7227
12/20/2021,SOUTH AFRICAN RAND,25.911,25.9426,25.9741
12/20/2021,DANISH KRONA,62.2676,62.3433,62.4191
12/20/2021,SDR,574.6576,575.3569,576.0561
12/17/2021,US DOLLAR,409.91,410.91,411.91
12/17/2021,POUNDS STERLING,544.6884,546.0172,547.346
12/17/2021,EURO,463.9771,465.109,466.2409
12/17/2021,SWISS FRANC,445.6512,446.7384,447.8256
12/17/2021,YEN,3.6115,3.6204,3.6292
12/17/2021,CFA,0.6901,0.7001,0.7101
12/17/2021,WAUA,571.5853,572.9797,574.3741
12/17/2021,YUAN/RENMINBI,64.2624,64.4196,64.5769
12/17/2021,RIYAL,109.222,109.4884,109.7549
12/17/2021,SOUTH AFRICAN RAND,25.8371,25.9001,25.9631
12/17/2021,DANISH KRONA,62.376,62.5282,62.6803
12/17/2021,SDR,572.9722,574.37,575.7678
12/16/2021,US DOLLAR,409.91,410.91,411.91
12/16/2021,POUNDS STERLING,548.0087,549.3456,550.6825
12/16/2021,EURO,464.8379,465.9719,467.1059
12/16/2021,SWISS FRANC,444.0581,445.1414,446.2247
12/16/2021,YEN,3.5903,3.5991,3.6079
12/16/2021,CFA,0.6881,0.6981,0.7081
12/16/2021,WAUA,571.6905,573.0851,574.4798
12/16/2021,YUAN/RENMINBI,64.3643,64.5218,64.6793
12/16/2021,RIYAL,109.2278,109.4942,109.7607
12/16/2021,SOUTH AFRICAN RAND,25.6857,25.7483,25.811
12/16/2021,DANISH KRONA,62.5006,62.653,62.8055
12/16/2021,SDR,572.4393,573.8358,575.2323
12/15/2021,US DOLLAR,409.83,410.83,411.83
12/15/2021,POUNDS STERLING,543.3936,544.7195,546.0454
12/15/2021,EURO,462.0833,463.2108,464.3383
12/15/2021,SWISS FRANC,443.2511,444.3327,445.4142
12/15/2021,YEN,3.6013,3.6101,3.6189
12/15/2021,WAUA,571.6899,573.0849,574.4798
12/15/2021,YUAN/RENMINBI,64.3821,64.5396,64.6972
12/15/2021,RIYAL,109.2385,109.505,109.7716
12/15/2021,SOUTH AFRICAN RAND,25.3463,25.4082,25.47
12/15/2021,DANISH KRONA,62.135,62.2866,62.4382
12/15/2021,SDR,573.1882,574.5868,575.9854
12/14/2021,US DOLLAR,409.73,410.73,411.73
12/14/2021,POUNDS STERLING,543.302,544.628,545.954
12/14/2021,EURO,462.2574,463.3856,464.5138
12/14/2021,SWISS FRANC,443.1909,444.2726,445.3542
12/14/2021,YEN,3.6055,3.6143,3.6231
12/14/2021,CFA,0.6859,0.6959,0.7059
12/14/2021,WAUA,570.6011,571.9938,573.3864
12/14/2021,YUAN/RENMINBI,64.3674,64.525,64.6825
12/14/2021,RIYAL,109.2176,109.4842,109.7508
12/14/2021,SOUTH AFRICAN RAND,25.7621,25.8249,25.8878
12/14/2021,DANISH KRONA,62.1462,62.2979,62.4496
12/14/2021,SDR,571.9421,573.338,574.7339
12/13/2021,US DOLLAR,409.72,410.72,411.72
12/13/2021,POUNDS STERLING,543.2887,544.6147,545.9407
12/13/2021,EURO,462.2461,463.3743,464.5025
12/13/2021,SWISS FRANC,443.1801,444.2618,445.3434
12/13/2021,YEN,3.6054,3.6142,3.623
12/13/2021,CFA,0.6859,0.6959,0.7059
12/13/2021,WAUA,570.6011,571.9937,573.3864
12/13/2021,YUAN/RENMINBI,64.3658,64.5234,64.6809
12/13/2021,RIYAL,109.215,109.4815,109.7481
12/13/2021,SOUTH AFRICAN RAND,25.7614,25.8243,25.8872
12/13/2021,DANISH KRONA,62.1447,62.2964,62.4481
12/13/2021,SDR,571.9281,573.324,574.7199
12/10/2021,US DOLLAR,409.76,410.76,411.76
12/10/2021,POUNDS STERLING,540.9242,542.2443,543.5644
12/10/2021,EURO,461.8405,462.9676,464.0947
12/10/2021,SWISS FRANC,443.1275,444.2089,445.2904
12/10/2021,YEN,3.6017,3.6104,3.6192
12/10/2021,YUAN/RENMINBI,64.3256,64.4831,64.6405
12/10/2021,RIYAL,109.2256,109.4922,109.7588
12/10/2021,SOUTH AFRICAN RAND,25.6105,25.673,25.7355
12/10/2021,DANISH KRONA,62.099,62.2505,62.4021
12/10/2021,SDR,572.7625,574.1603,575.5581
12/9/2021,US DOLLAR,409.75,410.75,411.75
12/9/2021,POUNDS STERLING,540.4193,541.7382,543.0571
12/9/2021,EURO,461.8292,462.9563,464.0834
12/9/2021,SWISS FRANC,442.9251,444.0061,445.087
12/9/2021,YEN,3.5987,3.6075,3.6163
12/9/2021,CFA,0.6848,0.6948,0.7048
12/9/2021,WAUA,570.7018,572.0946,573.4874
12/9/2021,YUAN/RENMINBI,64.5277,64.6856,64.8435
12/9/2021,RIYAL,109.223,109.4895,109.7561
12/9/2021,SOUTH AFRICAN RAND,25.9175,25.9807,26.044
12/9/2021,DANISH KRONA,62.0946,62.2462,62.3977
12/9/2021,SDR,572.093,573.4892,574.8854
12/8/2021,US DOLLAR,409.74,410.74,411.74
12/8/2021,POUNDS STERLING,540.4061,541.725,543.0439
12/8/2021,EURO,461.818,462.9451,464.0722
12/8/2021,SWISS FRANC,442.9143,443.9952,445.0762
12/8/2021,YEN,3.5986,3.6074,3.6162
12/8/2021,CFA,0.6848,0.6948,0.7048
12/8/2021,WAUA,570.7017,572.0946,573.4874
12/8/2021,YUAN/RENMINBI,64.5261,64.684,64.842
12/8/2021,RIYAL,109.2203,109.4869,109.7534
12/8/2021,SOUTH AFRICAN RAND,25.9168,25.9801,26.0433
12/8/2021,DANISH KRONA,62.0931,62.2447,62.3962
12/8/2021,SDR,572.079,573.4752,574.8714
12/7/2021,US DOLLAR,409.74,410.74,411.74
12/7/2021,POUNDS STERLING,543.0694,544.3948,545.7202
12/7/2021,EURO,461.2853,462.4111,463.5369
12/7/2021,SWISS FRANC,442.8664,443.9473,445.0281
12/7/2021,YEN,3.6094,3.6182,3.627
12/7/2021,CFA,0.6868,0.6968,0.7068
12/7/2021,WAUA,571.4211,572.8157,574.2103
12/7/2021,YUAN/RENMINBI,64.3366,64.4941,64.6516
12/7/2021,RIYAL,109.2203,109.4869,109.7534
12/6/2021,US DOLLAR,409.73,410.73,411.73
12/6/2021,POUNDS STERLING,544.1624,545.4905,546.8186
12/6/2021,EURO,462.7491,463.8785,465.0079
12/6/2021,SWISS FRANC,444.1518,445.2358,446.3198
12/6/2021,YEN,3.6195,3.6284,3.6372
12/6/2021,CFA,0.687,0.697,0.707
12/6/2021,WAUA,571.6623,573.0575,574.4527
12/6/2021,YUAN/RENMINBI,64.1949,64.3521,64.5092
12/6/2021,RIYAL,109.2176,109.4842,109.7508
12/6/2021,SOUTH AFRICAN RAND,25.6333,25.6958,25.7584
12/6/2021,DANISH KRONA,62.2123,62.3641,62.5159
12/6/2021,SDR,573.0074,574.4059,575.8044
12/3/2021,US DOLLAR,409.74,410.74,411.74
12/3/2021,POUNDS STERLING,543.6021,544.9288,546.2555
12/3/2021,EURO,463.4159,464.5469,465.6779
12/3/2021,SWISS FRANC,445.5148,446.6022,447.6895
12/3/2021,YEN,3.6151,3.624,3.6328
12/3/2021,CFA,0.6899,0.6999,0.7099
12/3/2021,WAUA,572.3955,573.7924,575.1894
12/3/2021,YUAN/RENMINBI,64.3124,64.4698,64.6272
12/3/2021,RIYAL,109.2203,109.4869,109.7534
12/3/2021,SOUTH AFRICAN RAND,25.7277,25.7905,25.8533
12/3/2021,DANISH KRONA,62.3141,62.4662,62.6182
12/3/2021,SDR,573.8409,575.2414,576.6419
12/2/2021,US DOLLAR,409.73,410.73,411.73
12/2/2021,POUNDS STERLING,545.6374,546.9691,548.3008
12/2/2021,EURO,464.5519,465.6857,466.8195
12/2/2021,SWISS FRANC,445.6978,446.7856,447.8734
12/2/2021,YEN,3.6291,3.638,3.6469
12/2/2021,CFA,0.6884,0.6984,0.7084
12/2/2021,WAUA,571.9826,573.3786,574.7746
12/2/2021,YUAN/RENMINBI,64.2543,64.4116,64.5689
12/2/2021,RIYAL,109.2118,109.4784,109.7449
12/2/2021,SOUTH AFRICAN RAND,25.8184,25.8814,25.9444
12/2/2021,SDR,573.4171,574.8166,576.2161
12/1/2021,US DOLLAR,409.7,410.7,411.7
12/1/2021,POUNDS STERLING,545.7614,547.0935,548.4256
12/1/2021,EURO,463.9853,465.1178,466.2503
12/1/2021,SWISS FRANC,445.0842,446.1706,447.2569
12/1/2021,YEN,3.6138,3.6227,3.6315
12/1/2021,CFA,0.6914,0.7014,0.7114
12/1/2021,WAUA,572.458,573.8552,575.2525
12/1/2021,YUAN/RENMINBI,64.3152,64.4726,64.6301
12/1/2021,RIYAL,109.2038,109.4704,109.7369
12/1/2021,SOUTH AFRICAN RAND,25.936,25.9993,26.0626
12/1/2021,DANISH KRONA,62.3848,62.5371,62.6894
12/1/2021,SDR,573.9078,575.3086,576.7094
11/30/2021,US DOLLAR,409.66,410.66,411.66
11/30/2021,POUNDS STERLING,546.6503,547.9847,549.3191
11/30/2021,EURO,465.0051,466.1402,467.2753
11/30/2021,SWISS FRANC,445.9127,447.0012,448.0897
11/30/2021,YEN,3.6237,3.6326,3.6414
11/30/2021,CFA,0.6859,0.6959,0.7059
11/30/2021,WAUA,571.3019,572.6965,574.0911
11/30/2021,YUAN/RENMINBI,64.2837,64.4411,64.5984
11/30/2021,RIYAL,109.1932,109.4597,109.7263
11/30/2021,SOUTH AFRICAN RAND,25.5385,25.6008,25.6631
11/30/2021,DANISH KRONA,62.512,62.6646,62.8172
11/30/2021,SDR,572.7047,574.1027,575.5007
11/29/2021,US DOLLAR,409.64,410.64,411.64
11/29/2021,POUNDS STERLING,546.7055,548.0401,549.3747
11/29/2021,EURO,462.5655,463.6947,464.8239
11/29/2021,SWISS FRANC,443.1894,444.2713,445.3532
11/29/2021,YEN,3.6101,3.6189,3.6277
11/29/2021,CFA,0.6815,0.6915,0.7015
11/29/2021,WAUA,569.6101,571.0006,572.3911
11/29/2021,YUAN/RENMINBI,64.1316,64.2886,64.4456
11/29/2021,RIYAL,109.1937,109.4602,109.7268
11/29/2021,SOUTH AFRICAN RAND,25.3721,25.434,25.496
11/29/2021,DANISH KRONA,62.192,62.3438,62.4956
11/29/2021,SDR,570.9972,572.3911,573.785
11/26/2021,US DOLLAR,409.64,410.64,411.64
11/26/2021,POUNDS STERLING,546.2549,547.5884,548.9219
11/26/2021,EURO,462.1558,463.284,464.4122
11/26/2021,SWISS FRANC,442.2803,443.36,444.4396
11/26/2021,YEN,3.5943,3.6031,3.6118
11/26/2021,CFA,0.6815,0.6915,0.7015
11/26/2021,WAUA,569.6101,571.0006,572.3911
11/26/2021,YUAN/RENMINBI,64.1115,64.2685,64.4255
11/26/2021,RIYAL,109.1937,109.4602,109.7268
11/26/2021,SOUTH AFRICAN RAND,25.3308,25.3927,25.4545
11/26/2021,DANISH KRONA,62.1279,62.2795,62.4312
11/26/2021,SDR,570.9972,572.3911,573.785
11/25/2021,US DOLLAR,409.64,410.64,411.64
11/25/2021,POUNDS STERLING,545.8863,547.2189,548.5515
11/25/2021,EURO,459.8209,460.9434,462.0659
11/25/2021,SWISS FRANC,438.6337,439.7045,440.7752
11/25/2021,YEN,3.5534,3.5621,3.5708
11/25/2021,CFA,0.6815,0.6915,0.7015
11/25/2021,WAUA,569.5961,570.9866,572.3771
11/25/2021,YUAN/RENMINBI,64.1306,64.2876,64.4446
11/25/2021,RIYAL,109.1937,109.4602,109.7268
11/25/2021,SOUTH AFRICAN RAND,25.8246,25.8876,25.9507
11/25/2021,DANISH KRONA,61.8157,61.9666,62.1175
11/25/2021,SDR,570.9972,572.3911,573.785
11/24/2021,US DOLLAR,409.63,410.63,411.63
11/24/2021,POUNDS STERLING,547.0199,548.3553,549.6907
11/24/2021,EURO,459.1952,460.3162,461.4372
11/24/2021,SWISS FRANC,437.3118,438.3794,439.447
11/24/2021,YEN,3.558,3.5667,3.5753
11/24/2021,CFA,0.6848,0.6948,0.7048
11/24/2021,WAUA,569.9614,571.3528,572.7442
11/24/2021,YUAN/RENMINBI,64.116,64.273,64.4299
11/24/2021,RIYAL,109.191,109.4576,109.7241
11/24/2021,SOUTH AFRICAN RAND,25.7781,25.8411,25.904
11/24/2021,DANISH KRONA,61.7405,61.8913,62.042
11/24/2021,SDR,571.311,572.7057,574.1004
11/23/2021,US DOLLAR,409.64,410.64,411.64
11/23/2021,POUNDS STERLING,547.4019,548.7382,550.0745
11/23/2021,EURO,460.845,461.97,463.095
11/23/2021,SWISS FRANC,439.1039,440.1758,441.2477
11/23/2021,YEN,3.563,3.5717,3.5804
11/23/2021,CFA,0.686,0.696,0.706
11/23/2021,WAUA,571.1285,572.5227,573.9169
11/23/2021,YUAN/RENMINBI,64.1005,64.2574,64.4144
11/23/2021,RIYAL,109.1937,109.4602,109.7268
11/23/2021,SOUTH AFRICAN RAND,25.8724,25.9355,25.9987
11/23/2021,DANISH KRONA,61.9587,62.11,62.2612
11/23/2021,SDR,426.0256,427.0656,428.1056
11/22/2021,US DOLLAR,409.63,410.63,411.63
11/22/2021,POUNDS STERLING,550.7066,552.051,553.3954
11/22/2021,EURO,461.8988,463.0264,464.154
11/22/2021,SWISS FRANC,441.4592,442.5369,443.6146
11/22/2021,YEN,3.5888,3.5976,3.6064
11/22/2021,CFA,0.691,0.701,0.711
11/22/2021,WAUA,573.0406,574.4395,575.8384
11/22/2021,YUAN/RENMINBI,64.1843,64.3414,64.4986
11/22/2021,RIYAL,109.1968,109.4634,109.73
11/22/2021,SOUTH AFRICAN RAND,25.9812,26.0446,26.1081
11/22/2021,DANISH KRONA,62.1,62.2516,62.4032
11/22/2021,SDR,572.8676,574.2661,575.6646
11/21/2021,CFA,0.6971,0.7071,0.7171
11/19/2021,US DOLLAR,410.59,411.09,411.59
11/19/2021,POUNDS STERLING,553.8859,554.5604,555.2349
11/19/2021,EURO,465.8554,466.4227,466.99
11/19/2021,SWISS FRANC,442.9712,443.5106,444.0501
11/19/2021,YEN,3.5947,3.5991,3.6035
11/19/2021,CFA,0.6891,0.6991,0.7091
11/19/2021,WAUA,573.825,574.5238,575.2226
11/19/2021,YUAN/RENMINBI,64.3045,64.3833,64.462
11/19/2021,RIYAL,109.4586,109.5919,109.7251
11/19/2021,SOUTH AFRICAN RAND,26.3537,26.3858,26.4178
11/19/2021,SDR,574.5509,575.2506,575.9502
11/19/2021,DANISH KRONA,62.6367,62.713,62.7893
11/18/2021,US DOLLAR,410.59,411.09,411.59
11/18/2021,POUNDS STERLING,553.8859,554.5604,555.2349
11/18/2021,EURO,465.8554,466.4227,466.99
11/18/2021,SWISS FRANC,442.9712,443.5106,444.0501
11/18/2021,YEN,3.5947,3.5991,3.6035
11/18/2021,CFA,0.6891,0.6991,0.7091
11/18/2021,WAUA,573.825,574.5238,575.2226
11/18/2021,YUAN/RENMINBI,64.3045,64.3833,64.462
11/18/2021,RIYAL,109.4586,109.5919,109.7251
11/18/2021,SOUTH AFRICAN RAND,26.3537,26.3858,26.4178
11/18/2021,DANISH KRONA,62.6367,62.713,62.7893
11/18/2021,SDR,574.5509,575.2506,575.9502
11/17/2021,US DOLLAR,410.57,411.07,411.57
11/17/2021,POUNDS STERLING,552.7914,553.4646,554.1378
11/17/2021,EURO,465.0526,465.619,466.1853
11/17/2021,SWISS FRANC,441.3877,441.9252,442.4627
11/17/2021,YEN,3.5804,3.5848,3.5892
11/17/2021,CFA,0.6922,0.7022,0.7122
11/17/2021,WAUA,574.392,575.0915,575.791
11/17/2021,YUAN/RENMINBI,64.3942,64.473,64.5519
11/17/2021,RIYAL,109.4503,109.5836,109.7169
11/17/2021,YUAN/RENMINBI,26.5021,26.5343,26.5666
11/17/2021,DANISH KRONA,62.5383,62.6144,62.6906
11/17/2021,SDR,575.2907,575.9913,576.6919
11/16/2021,US DOLLAR,410.54,411.04,411.54
11/16/2021,POUNDS STERLING,551.93,552.6022,553.2744
11/16/2021,EURO,466.7019,467.2703,467.8387
11/16/2021,SWISS FRANC,442.6307,443.1698,443.7089
11/16/2021,YEN,3.5933,3.5977,3.6021
11/16/2021,CFA,0.6969,0.7069,0.7169
11/16/2021,WAUA,575.9251,576.6265,577.3279
11/16/2021,YUAN/RENMINBI,64.2665,64.3452,64.4239
11/16/2021,RIYAL,109.4481,109.5814,109.7147
11/16/2021,SOUTH AFRICAN RAND,26.9719,27.0048,27.0376
11/16/2021,DANISH KRONA,62.7574,62.8338,62.9103
11/16/2021,SDR,576.7676,577.4701,578.1725
11/15/2021,YUAN/RENMINBI,64.2935,64.3723,64.4511
11/15/2021,RIYAL,109.4305,109.5638,109.6971
11/15/2021,SOUTH AFRICAN RAND,27.0109,27.0438,27.0767
11/15/2021,DANISH KRONA,63.1878,63.2648,63.3417
11/15/2021,SDR,576.4079,577.1101,577.8123
11/15/2021,US DOLLAR,410.43,410.93,411.43
11/15/2021,POUNDS STERLING,551.2075,551.879,552.5505
11/15/2021,EURO,469.9424,470.5149,471.0874
11/15/2021,SWISS FRANC,446.0711,446.6145,447.1579
11/15/2021,YEN,3.605,3.6094,3.6138
11/15/2021,WAUA,575.6934,576.3948,577.0961
11/12/2021,US DOLLAR,410.42,410.92,411.42
11/12/2021,POUNDS STERLING,549.9628,550.6328,551.3028
11/12/2021,EURO,469.9309,470.5034,471.0759
11/12/2021,SWISS FRANC,444.5142,445.0558,445.5973
11/12/2021,YEN,3.5992,3.6036,3.608
11/12/2021,CFA,0.704,0.714,0.724
11/12/2021,WAUA,577.7013,578.4051,579.1089
11/12/2021,YUAN/RENMINBI,64.3071,64.3859,64.4647
11/12/2021,RIYAL,109.4278,109.5611,109.6944
11/12/2021,SOUTH AFRICAN RAND,26.8445,26.8772,26.9099
11/12/2021,DANISH KRONA,63.1756,63.2525,63.3295
11/12/2021,SDR,576.558,577.2604,577.9628
11/11/2021,US DOLLAR,410.39,410.89,411.39
11/11/2021,POUNDS STERLING,549.8816,550.5515,551.2215
11/11/2021,EURO,470.7584,471.3319,471.9055
11/11/2021,SWISS FRANC,445.6885,446.2315,446.7745
11/11/2021,YEN,3.6015,3.6059,3.6103
11/11/2021,CFA,0.7051,0.7151,0.7251
11/11/2021,WAUA,578.5115,579.2164,579.9212
11/11/2021,YUAN/RENMINBI,64.1476,64.2262,64.3048
11/11/2021,RIYAL,109.4198,109.5531,109.6865
11/11/2021,SOUTH AFRICAN RAND,26.8501,26.8828,26.9155
11/11/2021,DANISH KRONA,63.283,63.3601,63.4372
11/11/2021,SDR,578.4447,579.1495,579.8542
11/10/2021,US DOLLAR,410.37,410.87,411.37
11/10/2021,POUNDS STERLING,554.3278,555.0032,555.6786
11/10/2021,EURO,474.0184,474.5959,475.1735
11/10/2021,SWISS FRANC,448.8352,449.382,449.9289
11/10/2021,YEN,3.6233,3.6277,3.6321
11/10/2021,CFA,0.7051,0.7151,0.7251
11/10/2021,WAUA,577.9042,578.6084,579.3125
11/10/2021,YUAN/RENMINBI,64.2107,64.2894,64.3681
11/10/2021,RIYAL,109.4087,109.542,109.6753
11/10/2021,SOUTH AFRICAN RAND,27.0584,27.0913,27.1243
11/10/2021,DANISH KRONA,63.7161,63.7937,63.8714
11/10/2021,SDR,579.2783,579.9841,580.6899
11/9/2021,US DOLLAR,410.34,410.84,411.34
11/9/2021,POUNDS STERLING,556.9955,557.6742,558.3529
11/9/2021,EURO,475.2558,475.8349,476.414
11/9/2021,SWISS FRANC,448.459,449.0055,449.5519
11/9/2021,YEN,3.6329,3.6374,3.6418
11/9/2021,CFA,0.7014,0.7114,0.7214
11/9/2021,WAUA,576.769,577.4718,578.1746
11/9/2021,YUAN/RENMINBI,64.204,64.2827,64.3614
11/9/2021,RIYAL,109.4094,109.5427,109.676
11/9/2021,SOUTH AFRICAN RAND,27.3534,27.3868,27.4201
11/9/2021,DANISH KRONA,63.894,63.9718,64.0497
11/9/2021,SDR,578.6615,579.3666,580.0717
11/8/2021,US DOLLAR,410.32,410.82,411.32
11/8/2021,POUNDS STERLING,554.4654,555.1411,555.8167
11/8/2021,EURO,474.9864,475.5652,476.144
11/8/2021,SWISS FRANC,448.3392,448.8855,449.4318
11/8/2021,YEN,3.6158,3.6202,3.6246
11/8/2021,CFA,0.7089,0.7189,0.7289
11/8/2021,WAUA,579.728,580.4345,581.1409
11/8/2021,YUAN/RENMINBI,64.1517,64.2303,64.3089
11/8/2021,RIYAL,109.4012,109.5345,109.6678
11/8/2021,SOUTH AFRICAN RAND,27.3581,27.3915,27.4248
11/8/2021,DANISH KRONA,63.8491,63.9269,64.0047
11/8/2021,SDR,577.5254,578.2292,578.9329
11/5/2021,US DOLLAR,410.29,410.79,411.29
11/5/2021,POUNDS STERLING,551.6759,552.3482,553.0205
11/5/2021,EURO,473.2285,473.8052,474.3819
11/5/2021,SWISS FRANC,447.524,448.0694,448.6147
11/5/2021,YEN,3.6041,3.6085,3.6129
11/5/2021,CFA,0.7089,0.7189,0.7289
11/5/2021,WAUA,579.7279,580.4344,581.1409
11/5/2021,YUAN/RENMINBI,64.0659,64.1444,64.2229
11/5/2021,RIYAL,109.3815,109.5148,109.6481
11/5/2021,SOUTH AFRICAN RAND,26.868,26.9007,26.9335
11/5/2021,DANISH KRONA,63.6138,63.6913,63.7689
11/5/2021,SDR,578.3038,579.0085,579.7133
11/4/2021,US DOLLAR,410.27,410.77,411.27
11/4/2021,POUNDS STERLING,556.8184,557.497,558.1756
11/4/2021,EURO,473.7388,474.3161,474.8935
11/4/2021,SWISS FRANC,448.824,449.371,449.918
11/4/2021,YEN,3.6033,3.6077,3.6121
11/4/2021,CFA,0.7089,0.7189,0.7289
11/4/2021,WAUA,579.7279,580.4344,581.1409
11/4/2021,YUAN/RENMINBI,64.1048,64.1834,64.2619
11/4/2021,RIYAL,109.3762,109.5095,109.6428
11/4/2021,SOUTH AFRICAN RAND,26.8908,26.9236,26.9563
11/4/2021,DANISH KRONA,63.6887,63.7663,63.844
11/4/2021,SDR,579.1782,579.884,580.5899
11/3/2021,US DOLLAR,410.24,410.74,411.24
11/3/2021,POUNDS STERLING,560.3468,561.0298,561.7127
11/3/2021,EURO,475.4271,476.0066,476.586
11/3/2021,SWISS FRANC,450.0219,450.5704,451.1189
11/3/2021,SWISS FRANC,450.0219,450.5704,451.1189
11/3/2021,YEN,3.6071,3.6115,3.6159
11/3/2021,CFA,0.7089,0.7189,0.7289
11/3/2021,WAUA,579.7278,580.4343,581.1409
11/3/2021,YUAN/RENMINBI,64.1432,64.2218,64.3005
11/3/2021,RIYAL,109.3594,109.4927,109.626
11/3/2021,SOUTH AFRICAN RAND,26.5879,26.6203,26.6527
11/3/2021,DANISH KRONA,63.8844,63.9623,64.0401
11/3/2021,SDR,579.382,580.0881,580.7943
11/2/2021,US DOLLAR,410.21,410.71,411.21
11/2/2021,POUNDS STERLING,560.2648,560.9477,561.6306
11/2/2021,EURO,476.0077,476.5879,477.1681
11/2/2021,SWISS FRANC,449.3975,449.9452,450.493
11/2/2021,YEN,3.6078,3.6122,3.6166
11/2/2021,CFA,0.7089,0.7189,0.7289
11/2/2021,WAUA,579.7277,580.4343,581.1409
11/2/2021,YUAN/RENMINBI,64.1064,64.185,64.2636
11/2/2021,RIYAL,109.3543,109.4876,109.6209
11/2/2021,SOUTH AFRICAN RAND,26.5906,26.623,26.6554
11/2/2021,DANISH KRONA,63.9684,64.0463,64.1243
11/2/2021,SDR,578.7243,579.4297,580.1351
11/1/2021,US DOLLAR,410.17,410.67,411.17
11/1/2021,POUNDS STERLING,561.0305,561.7144,562.3983
11/1/2021,EURO,474.7308,475.3095,475.8882
11/1/2021,SWISS FRANC,449.1076,449.6551,450.2026
11/1/2021,YEN,3.5889,3.5932,3.5976
11/1/2021,CFA,0.7056,0.7156,0.7256
11/1/2021,WAUA,578.9151,579.6208,580.3265
11/1/2021,YUAN/RENMINBI,64.1082,64.1868,64.2654
11/1/2021,RIYAL,109.3466,109.4799,109.6132
11/1/2021,SOUTH AFRICAN RAND,26.7274,26.76,26.7926
11/1/2021,DANISH KRONA,63.795,63.8728,63.9505
11/1/2021,SDR,580.5546,581.2623,581.97
10/29/2021,US DOLLAR,410.09,410.59,411.09
10/29/2021,POUNDS STERLING,565.145,565.8341,566.5231
10/29/2021,EURO,477.4678,478.0499,478.6321
10/29/2021,SWISS FRANC,449.8081,450.3565,450.9049
10/29/2021,YEN,3.602,3.6064,3.6108
10/29/2021,CFA,0.707,0.717,0.727
10/29/2021,WAUA,578.449,579.1542,579.8595
10/29/2021,YUAN/RENMINBI,64.1047,64.1833,64.2619
10/29/2021,RIYAL,109.3282,109.4615,109.5948
10/29/2021,SOUTH AFRICAN RAND,26.9058,26.9386,26.9714
10/29/2021,DANISH KRONA,64.1688,64.247,64.3253
10/29/2021,SDR,580.4414,581.1491,581.8568
10/28/2021,US DOLLAR,410.06,410.56,411.06
10/28/2021,POUNDS STERLING,563.9145,564.6021,565.2897
10/28/2021,EURO,475.5056,476.0854,476.6652
10/28/2021,SWISS FRANC,446.1538,446.6979,447.2419
10/28/2021,YEN,3.6078,3.6122,3.6166
10/28/2021,CFA,0.7081,0.7181,0.7281
10/28/2021,WAUA,579.2273,579.9335,580.6398
10/28/2021,YUAN/RENMINBI,64.093,64.1716,64.2502
10/28/2021,RIYAL,109.3202,109.4535,109.5868
10/28/2021,SOUTH AFRICAN RAND,27.0693,27.1024,27.1354
10/28/2021,DANISH KRONA,63.9071,63.985,64.063
10/28/2021,SDR,579.2098,579.916,580.6223
10/27/2021,US DOLLAR,410.02,410.52,411.02
10/27/2021,POUNDS STERLING,563.1625,563.8492,564.536
10/27/2021,EURO,475.8692,476.4495,477.0298
10/27/2021,SWISS FRANC,445.9648,446.5086,447.0524
10/27/2021,YEN,3.6068,3.6112,3.6156
10/27/2021,CFA,0.7081,0.7181,0.7281
10/27/2021,WAUA,579.2271,579.9335,580.6398
10/27/2021,YUAN/RENMINBI,64.1379,64.2165,64.2952
10/27/2021,RIYAL,109.3124,109.4457,109.579
10/27/2021,SOUTH AFRICAN RAND,27.3445,27.3779,27.4112
10/27/2021,DANISH KRONA,63.9507,64.0287,64.1067
10/27/2021,SDR,580.0963,580.8037,581.5111
10/26/2021,US DOLLAR,410.02,410.52,411.02
10/26/2021,POUNDS STERLING,566.1146,566.805,567.4953
10/26/2021,EURO,476.4022,476.9832,477.5641
10/26/2021,SWISS FRANC,445.8193,446.3629,446.9066
10/26/2021,YEN,3.5967,3.6011,3.6054
10/26/2021,CFA,0.7081,0.7181,0.7281
10/26/2021,WAUA,579.2271,579.9335,580.6398
10/26/2021,YUAN/RENMINBI,64.2555,64.3343,64.4131
10/26/2021,RIYAL,109.3124,109.4457,109.579
10/26/2021,SOUTH AFRICAN RAND,27.7933,27.8271,27.861
10/26/2021,DANISH KRONA,64.0246,64.1027,64.1808
10/26/2021,SDR,579.9733,580.6805,581.3878
10/25/2021,US DOLLAR,409.99,410.49,410.99
10/25/2021,POUNDS STERLING,563.9822,564.67,565.3578
10/25/2021,EURO,475.9574,476.5378,477.1183
10/25/2021,SWISS FRANC,446.0292,446.5731,447.1171
10/25/2021,YEN,3.6053,3.6097,3.6141
10/25/2021,CFA,0.7081,0.7181,0.7281
10/25/2021,WAUA,579.227,579.9334,580.6398
10/25/2021,YUAN/RENMINBI,64.1513,64.2299,64.3086
10/25/2021,RIYAL,109.3044,109.4377,109.571
10/25/2021,SOUTH AFRICAN RAND,27.72,27.7538,27.7876
10/25/2021,DANISH KRONA,63.959,64.037,64.115
10/22/2021,US DOLLAR,409.96,410.46,410.96
10/22/2021,POUNDS STERLING,565.0889,565.7781,566.4673
10/22/2021,EURO,476.7425,477.3239,477.9054
10/22/2021,SWISS FRANC,446.6282,447.1729,447.7176
10/22/2021,YEN,3.5987,3.6031,3.6074
10/22/2021,CFA,0.7081,0.7181,0.7281
10/22/2021,WAUA,579.2269,579.9334,580.6398
10/22/2021,YUAN/RENMINBI,64.1305,64.2092,64.2878
10/22/2021,RIYAL,109.2964,109.4297,109.563
10/22/2021,SOUTH AFRICAN RAND,27.9787,28.0128,28.0469
10/22/2021,DANISH KRONA,64.0643,64.1424,64.2205
10/22/2021,SDR,580.0114,580.7188,581.4262
10/21/2021,US DOLLAR,409.91,410.41,410.91
10/21/2021,POUNDS STERLING,565.9217,566.612,567.3023
10/21/2021,EURO,476.9713,477.5531,478.1349
10/21/2021,SWISS FRANC,446.0877,446.6318,447.176
10/21/2021,YEN,3.5888,3.5932,3.5975
10/21/2021,CFA,0.7072,0.7172,0.7272
10/21/2021,WAUA,578.8342,579.5402,580.2463
10/21/2021,YUAN/RENMINBI,64.0505,64.1291,64.2077
10/21/2021,RIYAL,109.2831,109.4164,109.5497
10/21/2021,SOUTH AFRICAN RAND,28.1667,28.2011,28.2354
10/21/2021,DANISH KRONA,64.0925,64.1707,64.2489
10/21/2021,SDR,579.5717,580.2787,580.9856
10/20/2021,US DOLLAR,409.89,410.39,410.89
10/20/2021,POUNDS STERLING,563.8447,564.5325,565.2203
10/20/2021,EURO,476.5791,477.1605,477.7418
10/20/2021,SWISS FRANC,443.6999,444.2412,444.7824
10/20/2021,YEN,3.588,3.5923,3.5967
10/20/2021,CFA,0.7092,0.7192,0.7292
10/20/2021,WAUA,579.6529,580.36,581.0671
10/20/2021,YUAN/RENMINBI,64.1055,64.1842,64.2628
10/20/2021,RIYAL,109.2778,109.4111,109.5444
10/20/2021,SOUTH AFRICAN RAND,28.303,28.3375,28.3721
10/20/2021,DANISH KRONA,64.0303,64.1084,64.1865
10/20/2021,SDR,578.3958,579.1013,579.8069
10/18/2021,US DOLLAR,409.89,410.39,410.89
10/18/2021,POUNDS STERLING,562.8609,563.5475,564.2341
10/18/2021,EURO,475.5544,476.1345,476.7146
10/18/2021,SWISS FRANC,443.6519,444.1931,444.7343
10/18/2021,YEN,3.5858,3.5901,3.5945
10/18/2021,CFA,0.7059,0.7159,0.7259
10/18/2021,WAUA,578.2483,578.9536,579.659
10/18/2021,YUAN/RENMINBI,63.7297,63.8079,63.8861
10/18/2021,RIYAL,109.2778,109.4111,109.5444
10/18/2021,SOUTH AFRICAN RAND,27.7258,27.7596,27.7934
10/18/2021,DANISH KRONA,63.9005,63.9785,64.0564
10/18/2021,SDR,578.7237,579.4296,580.1356
10/15/2021,US DOLLAR,409.91,410.41,410.91
10/15/2021,POUNDS STERLING,563.1344,563.8213,564.5082
10/15/2021,EURO,475.2906,475.8704,476.4501
10/15/2021,SWISS FRANC,442.5718,443.1116,443.6515
10/15/2021,YEN,3.5822,3.5866,3.5909
10/15/2021,CFA,0.7059,0.7159,0.7259
10/15/2021,WAUA,578.2482,578.9536,579.6589
10/15/2021,YUAN/RENMINBI,63.6142,63.6922,63.7703
10/15/2021,RIYAL,109.2831,109.4164,109.5497
10/15/2021,SOUTH AFRICAN RAND,27.8213,27.8552,27.8891
10/15/2021,DANISH KRONA,63.8698,63.9477,64.0256
10/15/2021,SDR,578.9159,579.622,580.3282
10/14/2021,US DOLLAR,409.91,410.41,410.91
10/14/2021,POUNDS STERLING,562.3555,563.0415,563.7274
10/14/2021,EURO,475.7415,476.3218,476.9021
10/14/2021,SWISS FRANC,445.1672,445.7103,446.2533
10/14/2021,YEN,3.6141,3.6185,3.6229
10/14/2021,CFA,0.7033,0.7133,0.7233
10/14/2021,WAUA,576.9597,577.6634,578.3672
10/14/2021,YUAN/RENMINBI,63.6804,63.7585,63.8366
10/14/2021,RIYAL,109.2831,109.4164,109.5497
10/14/2021,SOUTH AFRICAN RAND,27.6934,27.7272,27.761
10/14/2021,DANISH KRONA,63.9276,64.0056,64.0835
10/14/2021,SDR,577.6862,578.3908,579.0955
10/13/2021,US DOLLAR,409.87,410.37,410.87
10/13/2021,POUNDS STERLING,558.202,558.8829,559.5639
10/13/2021,EURO,473.9327,474.5108,475.089
10/13/2021,SWISS FRANC,441.956,442.4951,443.0343
10/13/2021,YEN,3.6086,3.613,3.6175
10/13/2021,CFA,0.7029,0.7129,0.7229
10/13/2021,WAUA,576.7999,577.5036,578.2072
10/13/2021,YUAN/RENMINBI,63.6119,63.69,63.768
10/13/2021,RIYAL,109.2754,109.4087,109.542
10/13/2021,SOUTH AFRICAN RAND,27.5528,27.5864,27.62
10/13/2021,DANISH KRONA,63.684,63.7617,63.8393
10/13/2021,SDR,577.4658,578.1703,578.8747
10/12/2021,US DOLLAR,409.87,410.37,410.87
10/12/2021,POUNDS STERLING,560.0874,560.7706,561.4539
10/12/2021,EURO,473.7277,474.3056,474.8835
10/12/2021,SWISS FRANC,441.3849,441.9233,442.4618
10/12/2021,YEN,3.6128,3.6172,3.6216
10/12/2021,CFA,0.7038,0.7138,0.7238
10/12/2021,WAUA,577.5695,578.2741,578.9787
10/12/2021,YUAN/RENMINBI,63.5439,63.6218,63.6998
10/12/2021,RIYAL,109.2783,109.4116,109.5449
10/12/2021,SOUTH AFRICAN RAND,27.426,27.4594,27.4929
10/12/2021,DANISH KRONA,63.6494,63.727,63.8046
10/12/2021,SDR,578.2856,578.991,579.6965
10/11/2021,US DOLLAR,409.87,410.37,410.87
10/11/2021,POUNDS STERLING,558.9807,559.6626,560.3445
10/11/2021,EURO,474.3835,474.9622,475.5409
10/11/2021,SWISS FRANC,442.2898,442.8294,443.3689
10/11/2021,YEN,3.6278,3.6322,3.6367
10/11/2021,CFA,0.7037,0.7137,0.7237
10/11/2021,WAUA,577.4851,578.1895,578.894
10/11/2021,YUAN/RENMINBI,63.5488,63.6268,63.7047
10/11/2021,RIYAL,109.2841,109.4174,109.5507
10/11/2021,SOUTH AFRICAN RAND,27.3867,27.4202,27.4536
10/11/2021,DANISH KRONA,63.7394,63.8172,63.8949
10/11/2021,SDR,578.2856,578.991,579.6965
10/8/2021,US DOLLAR,409.81,410.31,410.81
10/8/2021,POUNDS STERLING,558.4071,559.0884,559.7697
10/8/2021,EURO,473.9862,474.5645,475.1428
10/8/2021,SWISS FRANC,441.3203,441.8587,442.3972
10/8/2021,YEN,3.6649,3.6694,3.6739
10/8/2021,CFA,0.7032,0.7132,0.7232
10/8/2021,WAUA,577.5095,578.2141,578.9187
10/8/2021,YUAN/RENMINBI,63.5503,63.6283,63.7063
10/8/2021,RIYAL,109.271,109.4043,109.5376
10/8/2021,SOUTH AFRICAN RAND,27.4974,27.5309,27.5645
10/8/2021,DANISH KRONA,63.6756,63.7533,63.831
10/8/2021,SDR,578.2009,578.9064,579.6118
10/7/2021,US DOLLAR,409.81,410.31,410.81
10/7/2021,POUNDS STERLING,557.5465,558.2268,558.907
10/7/2021,EURO,473.8223,474.4004,474.9785
10/7/2021,SWISS FRANC,442.3206,442.8602,443.3999
10/7/2021,YEN,3.6804,3.6849,3.6894
10/7/2021,CFA,0.7057,0.7157,0.7257
10/7/2021,WAUA,578.2399,578.9454,579.6509
10/7/2021,YUAN/RENMINBI,63.5543,63.6322,63.7102
10/7/2021,RIYAL,109.271,109.4043,109.5376
10/7/2021,SOUTH AFRICAN RAND,27.5632,27.5969,27.6305
10/7/2021,DANISH KRONA,63.6806,63.7583,63.836
10/7/2021,SDR,577.6272,578.3319,579.0367
10/6/2021,US DOLLAR,409.81,410.31,410.81
10/6/2021,EURO,472.9207,473.4977,474.0747
10/6/2021,SWISS FRANC,440.8455,441.3834,441.9213
10/6/2021,YEN,3.68,3.6845,3.689
10/6/2021,WAUA,578.2399,578.9454,579.6509
10/6/2021,YUAN/RENMINBI,63.5543,63.6322,63.7102
10/6/2021,SOUTH AFRICAN RAND,27.0668,27.0998,27.1328
10/6/2021,DANISH KRONA,63.5453,63.6228,63.7004
10/5/2021,US DOLLAR,409.82,410.32,410.82
10/5/2021,POUNDS STERLING,558.1748,558.8558,559.5368
10/5/2021,EURO,475.4322,476.0122,476.5923
10/5/2021,SWISS FRANC,442.1882,442.7277,443.2672
10/5/2021,YEN,3.6841,3.6886,3.6931
10/5/2021,CFA,0.7079,0.7179,0.7279
10/5/2021,WAUA,578.5037,579.2095,579.9153
10/5/2021,YUAN/RENMINBI,63.5558,63.6388,63.7118
10/5/2021,RIYAL,109.2737,109.407,109.5403
10/5/2021,SOUTH AFRICAN RAND,27.3671,27.4005,27.4339
10/5/2021,DANISH KRONA,63.9086,63.9865,64.0645
10/5/2021,SDR,579.1986,579.9053,580.6119
10/4/2021,US DOLLAR,409.83,410.33,410.83
10/4/2021,POUNDS STERLING,557.5327,558.2129,558.8931
10/4/2021,EURO,476.8372,477.419,478.0007
10/4/2021,SWISS FRANC,442.4377,442.9774,443.5172
10/4/2021,YEN,3.6885,3.693,3.6975
10/4/2021,CFA,0.7056,0.7156,0.7256
10/4/2021,WAUA,577.8024,578.5074,579.2123
10/4/2021,YUAN/RENMINBI,63.5574,63.6353,63.7133
10/4/2021,RIYAL,109.2705,109.4038,109.5371
10/4/2021,SOUTH AFRICAN RAND,27.4987,27.5323,27.5658
10/4/2021,DANISH KRONA,64.095,64.1732,64.2514
10/4/2021,SDR,578.557,579.2629,579.9687
9/30/2021,US DOLLAR,409.8,410.3,410.8
9/30/2021,POUNDS STERLING,551.3859,552.0587,552.7314
9/30/2021,EURO,474.4664,475.0453,475.6242
9/30/2021,SWISS FRANC,437.9141,438.4484,438.9827
9/30/2021,YEN,3.6589,3.6634,3.6679
9/30/2021,CFA,0.709,0.719,0.729
9/30/2021,WAUA,578.5637,579.2696,579.9755
9/30/2021,YUAN/RENMINBI,63.3807,63.4585,63.5363
9/30/2021,RIYAL,109.2625,109.3958,109.5291
9/30/2021,SOUTH AFRICAN RAND,26.9939,27.0268,27.0598
9/30/2021,DANISH KRONA,63.791,63.8689,63.9467
9/30/2021,SDR,579.2523,579.9591,580.6658
9/29/2021,US DOLLAR,409.8,410.3,410.8
9/29/2021,POUNDS STERLING,552.7382,553.4126,554.087
9/29/2021,EURO,477.499,478.0816,478.6642
9/29/2021,SWISS FRANC,440.9296,441.4676,442.0056
9/29/2021,YEN,3.678,3.6825,3.687
9/29/2021,CFA,0.7095,0.7195,0.7295
9/29/2021,WAUA,578.5521,579.258,579.9639
9/29/2021,YUAN/RENMINBI,63.3444,63.4222,63.4999
9/29/2021,RIYAL,109.245,109.3783,109.5116
9/29/2021,SOUTH AFRICAN RAND,27.2472,27.2804,27.3136
9/29/2021,DANISH KRONA,64.1947,64.2731,64.3514
9/29/2021,SDR,579.9899,580.6976,581.4052
9/28/2021,US DOLLAR,408.77,409.77,410.77
9/28/2021,POUNDS STERLING,555.5184,556.8774,558.2364
9/28/2021,EURO,477.566,478.7343,479.9026
9/28/2021,SWISS FRANC,440.5799,441.6577,442.7355
9/28/2021,YEN,3.6671,3.6761,3.685
9/28/2021,CFA,0.7107,0.7207,0.7307
9/28/2021,WAUA,578.026,579.44,580.8541
9/28/2021,YUAN/RENMINBI,63.2498,63.4049,63.5601
9/28/2021,RIYAL,108.9705,109.237,109.5036
9/28/2021,SOUTH AFRICAN RAND,27.0694,27.1356,27.2019
9/28/2021,DANISH KRONA,64.2195,64.3766,64.5337
9/28/2021,SDR,579.5132,580.9309,582.3486
9/27/2021,US DOLLAR,408.71,409.71,410.71
9/27/2021,POUNDS STERLING,559.7283,561.0978,562.4673
9/27/2021,EURO,478.2316,479.4017,480.5718
9/27/2021,SWISS FRANC,440.6102,441.6882,442.7663
9/27/2021,YEN,3.6844,3.6934,3.7024
9/27/2021,CFA,0.7128,0.7228,0.7328
9/27/2021,WAUA,579.2556,580.6729,582.0902
9/27/2021,YUAN/RENMINBI,63.2229,63.378,63.5331
9/27/2021,RIYAL,108.9574,109.224,109.4905
9/27/2021,SOUTH AFRICAN RAND,27.139,27.2054,27.2718
9/27/2021,DANISH KRONA,64.2959,64.4533,64.6106
9/27/2021,SDR,579.9595,581.3785,582.7975
9/24/2021,US DOLLAR,409.7,410.2,410.7
9/24/2021,POUNDS STERLING,560.3057,560.9895,561.6733
9/24/2021,EURO,480.1274,480.7134,481.2993
9/24/2021,SWISS FRANC,443.0626,443.6033,444.144
9/24/2021,YEN,3.7074,3.7119,3.7164
9/24/2021,CFA,0.7125,0.7225,0.7325
9/24/2021,WAUA,580.6181,581.3267,582.0353
9/24/2021,YUAN/RENMINBI,63.33,63.4077,63.4854
9/24/2021,RIYAL,109.23,109.3633,109.4966
9/24/2021,SOUTH AFRICAN RAND,27.3376,27.3709,27.4043
9/24/2021,DANISH KRONA,64.5624,64.6412,64.72
9/24/2021,SDR,581.3643,582.0738,582.7833
9/23/2021,US DOLLAR,409.67,410.17,410.67
9/23/2021,POUNDS STERLING,561.7395,562.4251,563.1107
9/23/2021,EURO,480.0513,480.6372,481.2231
9/23/2021,SWISS FRANC,442.8865,443.427,443.9676
9/23/2021,YEN,3.7246,3.7292,3.7337
9/23/2021,CFA,0.7133,0.7233,0.7333
9/23/2021,WAUA,580.7537,581.4625,582.1713
9/23/2021,YUAN/RENMINBI,63.442,63.5199,63.5978
9/23/2021,RIYAL,109.2249,109.3583,109.4916
9/23/2021,SOUTH AFRICAN RAND,28.0373,28.0715,28.1058
9/23/2021,DANISH KRONA,64.5424,64.6212,64.7
9/23/2021,SDR,581.5266,582.2363,582.9461
9/22/2021,US DOLLAR,409.63,410.13,410.63
9/22/2021,POUNDS STERLING,558.7353,559.4173,560.0993
9/22/2021,EURO,480.4141,481.0005,481.5869
9/22/2021,SWISS FRANC,444.899,444.4408,444.9827
9/22/2021,YEN,3.7385,3.7431,3.7476
9/22/2021,CFA,0.7121,0.7221,0.7321
9/22/2021,WAUA,580.4024,581.1109,581.8193
9/22/2021,YUAN/RENMINBI,63.3377,63.4155,63.4933
9/22/2021,RIYAL,109.2172,109.3505,109.4838
9/22/2021,SOUTH AFRICAN RAND,27.7041,27.7379,27.7717
9/22/2021,DANISH KRONA,64.59,64.6689,64.7477
9/22/2021,SDR,581.5517,582.2616,582.9714
9/21/2021,DANISH KRONA,64.4851,64.5638,64.6425
9/21/2021,US DOLLAR,409.6,410.1,410.6
9/21/2021,POUNDS STERLING,560.3738,561.0578,561.7419
9/21/2021,EURO,481.0752,481.6625,482.2497
9/21/2021,SWISS FRANC,443.386,443.9273,444.4685
9/21/2021,YEN,3.7434,3.7479,3.7525
9/21/2021,CFA,0.7121,0.7221,0.7321
9/21/2021,WAUA,580.4023,581.1108,581.8193
9/21/2021,YUAN/RENMINBI,63.336,63.4138,63.4916
9/21/2021,RIYAL,109.215,109.3483,109.4817
9/21/2021,SOUTH AFRICAN RAND,27.6325,27.6663,27.7
9/21/2021,DANISH KRONA,64.6761,64.755,64.834
9/21/2021,SDR,581.1405,581.8499,582.5593
9/20/2021,SDR,582.6827,583.394,584.1053
9/20/2021,US DOLLAR,409.59,410.09,410.59
9/20/2021,POUNDS STERLING,559.6638,560.347,561.0302
9/20/2021,EURO,479.6299,480.2154,480.8009
9/20/2021,SWISS FRANC,440.6089,441.1467,441.6846
9/20/2021,YEN,3.7416,3.7461,3.7507
9/20/2021,CFA,0.7164,0.7264,0.7364
9/20/2021,WAUA,581.9325,582.6429,583.3533
9/20/2021,YUAN/RENMINBI,63.3345,63.4123,63.49
9/20/2021,RIYAL,109.2182,109.3515,109.4848
9/20/2021,SOUTH AFRICAN RAND,27.6294,27.6632,27.6969
9/17/2021,US DOLLAR,409.58,410.08,410.58
9/17/2021,POUNDS STERLING,565.3023,565.9924,566.6825
9/17/2021,EURO,482.5262,483.1152,483.7043
9/17/2021,SWISS FRANC,441.2627,441.8013,442.34
9/17/2021,YEN,3.7221,3.7266,3.7312
9/17/2021,CFA,0.7154,0.7254,0.7354
9/17/2021,WAUA,582.137,582.8476,583.5583
9/17/2021,YUAN/RENMINBI,63.4409,63.5188,63.5967
9/17/2021,RIYAL,109.2126,109.3459,109.4792
9/17/2021,SOUTH AFRICAN RAND,28.0536,28.0879,28.1221
9/17/2021,DANISH KRONA,64.8757,64.9549,65.0341
9/17/2021,SDR,582.8733,583.5848,584.2964
9/16/2021,US DOLLAR,409.57,410.07,410.57
9/16/2021,POUNDS STERLING,566.763,567.4549,568.1468
9/16/2021,EURO,482.0229,482.6114,483.1998
9/16/2021,SWISS FRANC,442.6827,443.2231,443.7635
9/16/2021,YEN,3.7434,3.748,3.7526
9/16/2021,CFA,0.7191,0.7291,0.7391
9/16/2021,WAUA,583.3071,584.0192,584.7313
9/16/2021,YUAN/RENMINBI,63.5338,63.6118,63.6898
9/16/2021,RIYAL,109.2012,109.3345,109.4678
9/16/2021,SOUTH AFRICAN RAND,28.3101,28.3446,28.3792
9/16/2021,DANISH KRONA,64.8146,64.8937,64.9729
9/16/2021,SDR,584.0468,584.7598,585.4728
9/15/2021,US DOLLAR,409.55,410.05,410.55
9/15/2021,POUNDS STERLING,566.2848,566.9761,567.6675
9/15/2021,EURO,484.3338,484.9251,485.5164
9/15/2021,SWISS FRANC,446.522,447.0672,447.6123
9/15/2021,YEN,3.7501,3.7547,3.7593
9/15/2021,CFA,0.7185,0.7285,0.7385
9/15/2021,WAUA,582.5198,583.2309,583.9421
9/15/2021,YUAN/RENMINBI,63.6541,63.7323,63.8104
9/15/2021,RIYAL,109.19,109.3233,109.4566
9/15/2021,SOUTH AFRICAN RAND,28.6517,28.6867,28.7216
9/15/2021,DANISH KRONA,65.1175,65.197,65.2765
9/15/2021,SDR,583.2402,583.9522,584.6643
9/14/2021,US DOLLAR,409.54,410.04,410.54
9/14/2021,POUNDS STERLING,567.4177,568.1104,568.8032
9/14/2021,EURO,483.6258,484.2162,484.8067
9/14/2021,SWISS FRANC,444.1866,444.7289,445.2711
9/14/2021,YEN,3.719,3.7236,3.7281
9/14/2021,CFA,0.7163,0.7263,0.7363
9/14/2021,WAUA,581.8226,582.533,583.2433
9/14/2021,YUAN/RENMINBI,63.5173,63.5953,63.6733
9/14/2021,RIYAL,109.1874,109.3207,109.454
9/14/2021,SOUTH AFRICAN RAND,28.7392,28.7743,28.8094
9/14/2021,DANISH KRONA,65.0322,65.1116,65.1909
9/14/2021,SDR,582.5707,583.2819,583.9932
9/13/2021,US DOLLAR,409.51,410.01,410.51
9/13/2021,POUNDS STERLING,566.8028,567.4948,568.1869
9/13/2021,EURO,482.4847,483.0738,483.6629
9/13/2021,YEN,3.7218,3.7263,3.7309
9/13/2021,CFA,0.7201,0.7301,0.7401
9/13/2021,WAUA,583.0601,583.772,584.4839
9/13/2021,YUAN/RENMINBI,63.4172,63.4951,63.573
9/13/2021,RIYAL,109.1794,109.3127,109.446
9/13/2021,SOUTH AFRICAN RAND,28.8698,28.9051,28.9403
9/13/2021,DANISH KRONA,64.8708,64.95,65.0292
9/13/2021,SDR,583.7975,584.5103,585.2231
9/13/2021,SWISS FRANC,443.6728,444.2145,444.7562
9/10/2021,US DOLLAR,409.48,409.98,410.48
9/10/2021,POUNDS STERLING,568.6858,569.3802,570.0746
9/10/2021,EURO,484.7015,485.2933,485.8852
9/10/2021,SWISS FRANC,446.4944,447.0396,447.5848
9/10/2021,YEN,3.7273,3.7318,3.7364
9/10/2021,CFA,0.7199,0.7299,0.7399
9/10/2021,WAUA,582.6655,583.3769,584.0884
9/10/2021,YUAN/RENMINBI,63.5988,63.6769,63.755
9/10/2021,RIYAL,109.1743,109.3076,109.4409
9/10/2021,SOUTH AFRICAN RAND,29.0593,29.0948,29.1302
9/10/2021,DANISH KRONA,65.1706,65.2502,65.3298
9/10/2021,SDR,583.3862,584.0985,584.8109
9/9/2021,US DOLLAR,409.47,409.97,410.47
9/9/2021,POUNDS STERLING,566.6246,567.3165,568.0084
9/9/2021,EURO,484.8534,485.4455,486.0375
9/9/2021,SWISS FRANC,446.2402,446.7851,447.33
9/9/2021,YEN,3.7258,3.7304,3.7349
9/9/2021,CFA,0.7191,0.7291,0.7391
9/9/2021,WAUA,582.03,582.7407,583.4514
9/9/2021,YUAN/RENMINBI,63.3983,63.4762,63.554
9/9/2021,RIYAL,109.1716,109.3049,109.4382
9/9/2021,SOUTH AFRICAN RAND,28.9661,29.0014,29.0368
9/9/2021,DANISH KRONA,65.1867,65.2663,65.3459
9/9/2021,SDR,582.7987,583.5103,584.222
9/8/2021,US DOLLAR,409.45,409.95,410.45
9/8/2021,POUNDS STERLING,564.0174,564.7061,565.3949
9/8/2021,EURO,484.2975,484.8889,485.4803
9/8/2021,SWISS FRANC,444.5229,445.0657,445.6085
9/8/2021,YEN,3.7135,3.718,3.7226
9/8/2021,CFA,0.7212,0.7312,0.7412
9/8/2021,WAUA,583.1136,583.8256,584.5377
9/8/2021,YUAN/RENMINBI,63.4001,63.478,63.5558
9/8/2021,SOUTH AFRICAN RAND,28.6373,28.6722,28.7072
9/8/2021,DANISH KRONA,65.113,65.1925,65.272
9/8/2021,SDR,583.8757,584.5887,585.3017
9/7/2021,US DOLLAR,409.42,409.92,410.42
9/7/2021,POUNDS STERLING,564.0989,564.7878,565.4767
9/7/2021,EURO,485.6949,486.2881,486.8812
9/7/2021,SWISS FRANC,447.4047,447.951,448.4974
9/7/2021,YEN,3.7203,3.7249,3.7294
9/7/2021,CFA,0.7184,0.7284,0.7384
9/7/2021,WAUA,581.9646,582.6753,583.386
9/7/2021,YUAN/RENMINBI,63.2925,63.3703,63.448
9/7/2021,RIYAL,109.1612,109.2945,109.4278
9/7/2021,SOUTH AFRICAN RAND,28.5748,28.6097,28.6446
9/7/2021,DANISH KRONA,65.3035,65.3832,65.463
9/7/2021,SDR,582.6865,583.3981,584.1097
9/6/2021,US DOLLAR,409.41,409.91,410.41
9/6/2021,POUNDS STERLING,566.8281,567.5204,568.2126
9/6/2021,EURO,485.6012,486.1943,486.7873
9/6/2021,SWISS FRANC,446.7103,447.2559,447.8014
9/6/2021,YEN,3.7263,3.7309,3.7354
9/6/2021,CFA,0.7184,0.7284,0.7384
9/6/2021,WAUA,581.9645,582.6753,583.386
9/6/2021,YUAN/RENMINBI,63.3969,63.4747,63.5526
9/6/2021,RIYAL,109.1614,109.2948,109.4281
9/6/2021,SOUTH AFRICAN RAND,28.7029,28.738,28.773
9/6/2021,DANISH KRONA,65.2956,65.3754,65.4551
9/6/2021,SDR,582.6723,583.3839,584.0955
9/3/2021,US DOLLAR,409.4,409.9,410.4
9/3/2021,POUNDS STERLING,566.364,567.0557,567.7474
9/3/2021,EURO,486.1216,486.7153,487.309
9/3/2021,SWISS FRANC,447.4317,447.9781,448.5246
9/3/2021,YEN,3.7228,3.7274,3.7319
9/3/2021,CFA,0.7184,0.7284,0.7384
9/3/2021,WAUA,581.922,582.6327,583.3434
9/3/2021,YUAN/RENMINBI,63.4789,63.5568,63.6348
9/3/2021,RIYAL,109.1559,109.2892,109.4225
9/3/2021,SOUTH AFRICAN RAND,28.504,28.5388,28.5736
9/3/2021,DANISH KRONA,65.3534,65.4332,65.5131
9/3/2021,SDR,582.6581,583.3697,584.0813
9/2/2021,US DOLLAR,409.37,409.87,410.37
9/2/2021,POUNDS STERLING,564.685,565.3747,566.0644
9/2/2021,EURO,485.1035,485.696,486.2885
9/2/2021,SWISS FRANC,447.4967,448.0433,448.5899
9/2/2021,CFA,0.7183,0.7283,0.7383
9/2/2021,WAUA,581.8935,582.6042,583.3149
9/2/2021,YUAN/RENMINBI,63.3799,63.4577,63.5356
9/2/2021,RIYAL,109.1479,109.2812,109.4145
9/2/2021,DANISH KRONA,65.2216,65.3013,65.3809
9/2/2021,SDR,579.7498,580.4579,581.166
9/1/2021,US DOLLAR,409.35,409.85,410.35
9/1/2021,POUNDS STERLING,563.4293,564.1175,564.8057
9/1/2021,EURO,483.7289,484.3197,484.9106
9/1/2021,SWISS FRANC,446.0122,446.557,447.1018
9/1/2021,YEN,3.7082,3.7127,3.7173
9/1/2021,CFA,0.7194,0.7294,0.7394
9/1/2021,WAUA,582.2678,582.979,583.6902
9/1/2021,YUAN/RENMINBI,63.2935,63.3712,63.449
9/1/2021,RIYAL,109.1396,109.2729,109.4062
9/1/2021,SOUTH AFRICAN RAND,28.3509,28.3855,28.4201
9/1/2021,DANISH KRONA,65.0288,65.1083,65.1877
9/1/2021,SDR,579.7215,580.4296,581.1377
8/31/2021,US DOLLAR,409.32,409.82,410.32
8/31/2021,POUNDS STERLING,564.3295,565.0188,565.7082
8/31/2021,EURO,484.6349,485.2269,485.8189
8/31/2021,SWISS FRANC,448.3242,448.8719,449.4195
8/31/2021,YEN,3.7265,3.7311,3.7356
8/31/2021,CFA,0.7172,0.7272,0.7372
8/31/2021,WAUA,581.5464,582.2568,582.9672
8/31/2021,YUAN/RENMINBI,63.3417,63.4195,63.4974
8/31/2021,RIYAL,109.1287,109.262,109.3953
8/31/2021,SOUTH AFRICAN RAND,28.1024,28.1367,28.1711
8/31/2021,DANISH KRONA,65.1586,65.2382,65.3178
8/31/2021,SDR,582.2986,583.0099,583.7212
8/30/2021,US DOLLAR,409.29,409.79,410.29
8/30/2021,POUNDS STERLING,563.224,563.912,564.6001
8/30/2021,EURO,483.0441,483.6342,484.2243
8/30/2021,SWISS FRANC,447.2137,447.7601,448.3064
8/30/2021,YEN,3.7242,3.7288,3.7333
8/30/2021,CFA,0.7147,0.7247,0.7347
8/30/2021,WAUA,580.4778,581.187,581.8961
8/30/2021,YUAN/RENMINBI,63.2597,63.3375,63.4152
8/30/2021,RIYAL,109.1236,109.2569,109.3902
8/30/2021,SOUTH AFRICAN RAND,27.9587,27.9928,28.027
8/30/2021,DANISH KRONA,64.9399,65.0192,65.0985
8/30/2021,SDR,581.2327,581.9428,582.6528
8/27/2021,US DOLLAR,409.26,409.76,410.26
8/27/2021,POUNDS STERLING,561.7503,562.4366,563.1229
8/27/2021,EURO,481.4535,482.0417,482.6299
8/27/2021,SWISS FRANC,445.8656,446.4103,446.955
8/27/2021,YEN,3.7145,3.719,3.7235
8/27/2021,CFA,0.715,0.725,0.735
8/27/2021,WAUA,580.8156,581.5252,582.2348
8/27/2021,YUAN/RENMINBI,63.1331,63.2107,63.2883
8/27/2021,RIYAL,109.1185,109.2519,109.3852
8/27/2021,SOUTH AFRICAN RAND,27.4435,27.4771,27.5106
8/27/2021,DANISH KRONA,64.7256,64.8047,64.8838
8/27/2021,SDR,581.5994,582.3099,583.0205
8/26/2021,US DOLLAR,409.23,409.73,410.23
8/26/2021,POUNDS STERLING,562.0365,562.7232,563.4099
8/26/2021,EURO,481.6637,482.2522,482.8407
8/26/2021,SWISS FRANC,446.2704,446.8157,447.361
8/26/2021,YEN,3.7169,3.7214,3.726
8/26/2021,CFA,0.713,0.723,0.733
8/26/2021,WAUA,580.4354,581.1446,581.8538
8/26/2021,YUAN/RENMINBI,63.1207,63.1983,63.2759
8/26/2021,RIYAL,109.1105,109.2439,109.3772
8/26/2021,SOUTH AFRICAN RAND,27.4423,27.4758,27.5093
8/26/2021,SOUTH AFRICAN RAND,27.4423,27.4758,27.5093
8/26/2021,DANISH KRONA,64.7547,64.8338,64.9129
8/26/2021,SDR,581.1884,581.8985,582.6086
8/25/2021,US DOLLAR,409.21,409.71,410.21
8/25/2021,POUNDS STERLING,561.0678,561.7534,562.4389
8/25/2021,EURO,480.4125,480.9995,481.5865
8/25/2021,SWISS FRANC,447.2729,447.8194,448.3659
8/25/2021,YEN,3.7238,3.7284,3.7329
8/25/2021,CFA,0.7118,0.7218,0.7318
8/25/2021,WAUA,579.6738,580.3821,581.0904
8/25/2021,YUAN/RENMINBI,63.1381,63.2157,63.2933
8/25/2021,RIYAL,109.1081,109.2414,109.3748
8/25/2021,SOUTH AFRICAN RAND,27.3206,27.3539,27.3873
8/25/2021,DANISH KRONA,64.5819,64.6608,64.7397
8/25/2021,SDR,580.9554,581.6653,582.3751
8/24/2021,US DOLLAR,409.19,409.69,410.19
8/24/2021,POUNDS STERLING,561.6133,562.2995,562.9858
8/24/2021,EURO,480.3481,480.9351,481.522
8/24/2021,SWISS FRANC,448.3291,448.877,449.4248
8/24/2021,YEN,3.7294,3.734,3.7385
8/24/2021,CFA,0.7118,0.7218,0.7318
8/24/2021,WAUA,579.6738,580.3821,581.0904
8/24/2021,YUAN/RENMINBI,63.1681,63.2458,63.3234
8/24/2021,RIYAL,109.1057,109.239,109.3723
8/24/2021,SOUTH AFRICAN RAND,27.1289,27.162,27.1952
8/24/2021,DANISH KRONA,64.5726,64.6515,64.7304
8/24/2021,SDR,580.436,581.1453,581.8545
8/23/2021,US DOLLAR,409.16,409.66,410.16
8/23/2021,EURO,479.6174,480.2035,480.7896
8/23/2021,POUNDS STERLING,560.0173,560.7016,561.386
8/23/2021,SWISS FRANC,446.3401,446.8856,447.431
8/23/2021,YEN,3.7159,3.7205,3.725
8/23/2021,CFA,0.7088,0.7188,0.7288
8/23/2021,WAUA,578.7118,579.419,580.1262
8/23/2021,YUAN/RENMINBI,63.0914,63.169,63.2465
8/23/2021,RIYAL,109.0977,109.231,109.3643
8/23/2021,SOUTH AFRICAN RAND,26.8981,26.9309,26.9638
8/23/2021,SDR,579.4524,580.1605,580.8686
8/20/2021,US DOLLAR,409.13,409.63,410.13
8/20/2021,POUNDS STERLING,556.9078,557.5884,558.269
8/20/2021,EURO,477.4956,478.0792,478.6627
8/20/2021,SWISS FRANC,445.6754,446.22,446.7647
8/20/2021,YEN,3.7299,3.7344,3.739
8/20/2021,CFA,0.7104,0.7204,0.7304
8/20/2021,WAUA,579.2674,579.9754,580.6833
8/20/2021,YUAN/RENMINBI,62.9461,63.0234,63.1008
8/20/2021,RIYAL,109.0897,109.223,109.3563
8/20/2021,SOUTH AFRICAN RAND,26.7285,26.7611,26.7938
8/20/2021,DANISH KRONA,64.1893,64.2678,64.3462
8/20/2021,SDR,579.9827,580.6915,581.4003
8/19/2021,US DOLLAR,409.13,409.63,410.13
8/19/2021,POUNDS STERLING,559.608,560.2919,560.9758
8/19/2021,EURO,478.6003,479.1852,479.7701
8/19/2021,YEN,3.7323,3.7368,3.7414
8/19/2021,CFA,0.712,0.722,0.732
8/19/2021,WAUA,579.7989,580.5075,581.2161
8/19/2021,YUAN/RENMINBI,63.043,63.1205,63.198
8/19/2021,RIYAL,109.0868,109.2201,109.3534
8/19/2021,SOUTH AFRICAN RAND,26.9452,26.9781,27.011
8/19/2021,DANISH KRONA,64.3418,64.4204,64.499
8/19/2021,SDR,580.5555,581.265,581.9745
8/18/2021,US DOLLAR,409.1,409.6,410.1
8/18/2021,POUNDS STERLING,563.1671,563.8554,564.5437
8/18/2021,EURO,479.7107,480.297,480.8833
8/18/2021,SWISS FRANC,447.055,447.6014,448.1477
8/18/2021,YEN,3.7262,3.7308,3.7353
8/18/2021,CFA,0.7148,0.7248,0.7348
8/18/2021,WAUA,581.0001,581.7102,582.4203
8/18/2021,YUAN/RENMINBI,63.0841,63.1617,63.2392
8/18/2021,RIYAL,109.0788,109.2121,109.3454
8/18/2021,SOUTH AFRICAN RAND,27.5033,27.5369,27.5705
8/18/2021,DANISH KRONA,64.4882,64.567,64.6458
8/18/2021,SDR,581.6993,582.4102,583.1212
8/17/2021,US DOLLAR,409.11,409.61,410.11
8/17/2021,POUNDS STERLING,564.1218,564.8112,565.5007
8/17/2021,EURO,481.3179,481.9062,482.4944
8/17/2021,SWISS FRANC,449.0286,449.5774,450.1262
8/17/2021,YEN,3.7427,3.7472,3.7518
8/17/2021,CFA,0.7151,0.7251,0.7351
8/17/2021,WAUA,581.5069,582.2176,582.9283
8/17/2021,YUAN/RENMINBI,63.1343,63.2119,63.2896
8/17/2021,RIYAL,109.0785,109.2119,109.3452
8/17/2021,SOUTH AFRICAN RAND,27.5781,27.6118,27.6455
8/17/2021,DANISH KRONA,64.705,64.784,64.8631
8/17/2021,SDR,582.2044,582.916,583.6275
8/16/2021,US DOLLAR,409.11,409.61,410.11
8/16/2021,POUNDS STERLING,567.2719,567.9652,568.6585
8/16/2021,EURO,481.6043,482.1929,482.7815
8/16/2021,SWISS FRANC,447.6039,448.151,448.698
8/16/2021,YEN,3.7413,3.7459,3.7504
8/16/2021,CFA,0.7417,0.7247,0.7347
8/16/2021,WAUA,580.371,581.0803,581.7896
8/16/2021,YUAN/RENMINBI,63.1636,63.2412,63.3189
8/16/2021,RIYAL,109.0785,109.2119,109.3452
8/16/2021,SOUTH AFRICAN RAND,27.6611,27.6949,27.7287
8/16/2021,DANISH KRONA,64.7521,64.8312,64.9103
8/16/2021,SDR,581.0998,581.81,582.5202
8/13/2021,US DOLLAR,409.11,409.61,410.11
8/13/2021,POUNDS STERLING,565.5537,566.2449,566.9361
8/13/2021,EURO,481.2361,481.8242,482.4124
8/13/2021,SWISS FRANC,444.395,444.9381,445.4812
8/13/2021,YEN,3.7121,3.7166,3.7212
8/13/2021,CFA,0.7131,0.7231,0.7331
8/13/2021,WAUA,580.3156,581.0249,581.7341
8/13/2021,YUAN/RENMINBI,63.1256,63.2032,63.2808
8/13/2021,SOUTH AFRICAN RAND,27.5779,27.6116,27.6453
8/13/2021,DANISH KRONA,64.6978,64.7769,64.8559
8/13/2021,SDR,581.018,581.7281,582.4382
8/12/2021,US DOLLAR,409.12,409.62,410.12
8/12/2021,POUNDS STERLING,566.7948,567.4875,568.1802
8/12/2021,EURO,480.266,480.8529,481.4399
8/12/2021,SWISS FRANC,443.731,444.2733,444.8156
8/12/2021,CFA,0.7117,0.7217,0.7317
8/12/2021,WAUA,579.617,580.3253,581.0337
8/12/2021,YUAN/RENMINBI,63.1593,63.2369,63.3146
8/12/2021,RIYAL,109.087,109.2203,109.3537
8/12/2021,SOUTH AFRICAN RAND,27.8018,27.8358,27.8697
8/12/2021,DANISH KRONA,64.5636,64.6425,64.7214
8/12/2021,SDR,580.3367,581.046,581.7552
8/11/2021,US DOLLAR,409.12,409.62,410.12
8/11/2021,POUNDS STERLING,565.8539,566.5454,567.237
8/11/2021,EURO,479.4068,479.9927,480.5786
8/11/2021,SWISS FRANC,443.0583,443.5997,444.1412
8/11/2021,YEN,3.6954,3.6999,3.7045
8/11/2021,CFA,0.712,0.722,0.732
8/11/2021,WAUA,580.1482,580.8572,581.5662
8/11/2021,YUAN/RENMINBI,63.0726,63.1501,63.2277
8/11/2021,RIYAL,109.087,109.2203,109.3537
8/11/2021,SOUTH AFRICAN RAND,27.6556,27.6894,27.7232
8/11/2021,DANISH KRONA,64.4354,64.5142,64.5929
8/11/2021,SDR,580.8563,581.5662,582.2761
8/10/2021,US DOLLAR,409.12,409.62,410.12
8/10/2021,POUNDS STERLING,567.0812,567.7743,568.4673
8/10/2021,EURO,479.5705,480.1566,480.7427
8/10/2021,SWISS FRANC,443.4424,443.9844,444.5263
8/10/2021,YEN,3.7028,3.7073,3.7118
8/10/2021,CFA,0.7144,0.7244,0.7344
8/10/2021,WAUA,580.8287,581.5385,582.2484
8/10/2021,YUAN/RENMINBI,63.1144,63.192,63.2696
8/10/2021,RIYAL,109.0899,109.2233,109.3566
8/10/2021,YUAN/RENMINBI,27.6227,27.6565,27.6902
8/10/2021,DANISH KRONA,64.4679,64.5467,64.6255
8/10/2021,SDR,581.5641,582.2748,582.9856
8/9/2021,US DOLLAR,409.12,409.62,410.12
8/9/2021,POUNDS STERLING,567.8995,568.5935,569.2876
8/9/2021,EURO,481.3297,481.9179,482.5062
8/9/2021,SWISS FRANC,446.2478,446.7932,447.3386
8/9/2021,YEN,3.7162,3.7208,3.7253
8/9/2021,CFA,0.7173,0.7273,0.7373
8/9/2021,WAUA,581.9645,582.6758,583.387
8/9/2021,YUAN/RENMINBI,63.1271,63.2047,63.2823
8/9/2021,RIYAL,109.087,109.2203,109.3537
8/9/2021,SOUTH AFRICAN RAND,28.0187,28.0529,28.0871
8/9/2021,DANISH KRONA,64.7096,64.7887,64.8678
8/9/2021,SDR,582.7096,583.4218,584.1339
8/6/2021,US DOLLAR,409.11,409.61,410.11
8/6/2021,POUNDS STERLING,569.522,570.2181,570.9141
8/6/2021,EURO,483.0362,483.6265,484.2169
8/6/2021,SWISS FRANC,450.1651,450.7152,451.2654
8/6/2021,YEN,3.7253,3.7298,3.7344
8/6/2021,CFA,0.7207,0.7307,0.7407
8/6/2021,WAUA,583.1945,583.9072,584.62
8/6/2021,YUAN/RENMINBI,63.2368,63.3145,63.3923
8/6/2021,RIYAL,109.0844,109.2177,109.351
8/6/2021,SOUTH AFRICAN RAND,28.2193,28.2538,28.2883
8/6/2021,DANISH KRONA,64.9309,65.0102,65.0896
8/6/2021,SDR,583.6363,584.3496,585.0629
8/5/2021,US DOLLAR,409.11,409.61,410.11
8/5/2021,POUNDS STERLING,569.8902,570.5867,571.2832
8/5/2021,EURO,485.0817,485.6746,486.2674
8/5/2021,SWISS FRANC,451.7059,452.2579,452.81
8/5/2021,YEN,3.7368,3.7414,3.746
8/5/2021,CFA,0.7207,0.7307,0.7407
8/5/2021,WAUA,583.1945,583.9072,584.62
8/5/2021,YUAN/RENMINBI,63.322,63.3998,63.4776
8/5/2021,RIYAL,109.0873,109.2206,109.3539
8/5/2021,SOUTH AFRICAN RAND,28.4896,28.5244,28.5592
8/5/2021,DANISH KRONA,65.2093,65.289,65.3687
8/5/2021,SDR,583.9227,584.6364,585.35
8/4/2021,US DOLLAR,409.11,409.61,410.11
8/4/2021,POUNDS STERLING,569.9721,570.6687,571.3653
8/4/2021,EURO,485.5317,486.1251,486.7185
8/4/2021,SWISS FRANC,452.3552,452.908,453.4609
8/4/2021,YEN,3.754,3.7586,3.7632
8/4/2021,CFA,0.7222,0.7322,0.7422
8/4/2021,WAUA,583.4294,584.1425,584.8555
8/4/2021,YUAN/RENMINBI,63.3112,63.389,63.4668
8/4/2021,RIYAL,109.0873,109.2206,109.3539
8/4/2021,SOUTH AFRICAN RAND,28.6694,28.7045,28.7395
8/4/2021,DANISH KRONA,65.2707,65.3504,65.4302
8/4/2021,SDR,584.3727,585.0869,585.8011
8/3/2021,US DOLLAR,409.11,409.61,410.11
8/3/2021,POUNDS STERLING,569.522,570.2181,570.9141
8/3/2021,EURO,486.1863,486.7805,487.3747
8/3/2021,SWISS FRANC,452.7556,453.309,453.8623
8/3/2021,YEN,3.7492,3.7538,3.7583
8/3/2021,CFA,0.7235,0.7335,0.7435
8/3/2021,WAUA,584.427,585.1412,585.8555
8/3/2021,YUAN/RENMINBI,63.2847,63.3625,63.4403
8/3/2021,RIYAL,109.0873,109.2206,109.3539
8/3/2021,SOUTH AFRICAN RAND,28.3935,28.4282,28.4629
8/3/2021,DANISH KRONA,65.3551,65.435,65.5149
8/3/2021,SDR,584.1682,584.8821,585.5961
8/2/2021,US DOLLAR,409.1,409.6,410.1
8/2/2021,POUNDS STERLING,568.8126,569.5078,570.203
8/2/2021,EURO,486.2972,486.8915,487.4859
8/2/2021,SWISS FRANC,451.6948,452.2469,452.7989
8/2/2021,YEN,3.7364,3.741,3.7455
8/2/2021,CFA,0.7225,0.7325,0.7425
8/2/2021,WAUA,583.7972,584.5107,585.2242
8/2/2021,YUAN/RENMINBI,63.3028,63.3806,63.4584
8/2/2021,RIYAL,109.0817,109.215,109.3483
8/2/2021,SOUTH AFRICAN RAND,28.4032,28.4379,28.4726
8/2/2021,DANISH KRONA,65.3577,65.4376,65.5175
8/2/2021,SDR,584.1539,584.8678,585.5818
7/30/2021,US DOLLAR,409.1,409.6,410.1
7/30/2021,POUNDS STERLING,571.39,572.0883,572.7867
7/30/2021,EURO,486.379,486.9734,487.5679
7/30/2021,SWISS FRANC,451.3958,451.9475,452.4992
7/30/2021,YEN,3.7296,3.7342,3.7387
7/30/2021,CFA,0.7215,0.7315,0.7415
7/30/2021,WAUA,583.3606,584.0736,584.7866
7/30/2021,YUAN/RENMINBI,63.2979,63.3757,63.4535
7/30/2021,RIYAL,109.0788,109.2121,109.3454
7/30/2021,SOUTH AFRICAN RAND,28.0428,28.0771,28.1114
7/30/2021,DANISH KRONA,65.3755,65.4554,65.5353
7/30/2021,SDR,583.9903,584.704,585.4178
7/29/2021,US DOLLAR,409.16,409.66,410.16
7/29/2021,POUNDS STERLING,571.1055,571.8034,572.5013
7/29/2021,EURO,485.7957,486.3893,486.983
7/29/2021,SWISS FRANC,450.2201,450.7702,451.3204
7/29/2021,YEN,3.7251,3.7296,3.7342
7/29/2021,CFA,0.7174,0.7274,0.7374
7/29/2021,WAUA,581.4595,582.17,582.8806
7/29/2021,YUAN/RENMINBI,63.3317,63.4095,63.4873
7/29/2021,RIYAL,109.0919,109.2252,109.3585
7/29/2021,SOUTH AFRICAN RAND,28.0489,28.0831,28.1174
7/29/2021,DANISH KRONA,65.3036,65.3834,65.4633
7/29/2021,SDR,582.1528,582.8642,583.5756
7/28/2021,US DOLLAR,409.16,409.66,410.16
7/28/2021,POUNDS STERLING,567.8322,568.5261,569.22
7/28/2021,EURO,483.0543,483.6446,484.2349
7/28/2021,SWISS FRANC,446.8276,447.3736,447.9196
7/28/2021,YEN,3.7163,3.7208,3.7253
7/28/2021,CFA,0.7176,0.7276,0.7376
7/28/2021,WAUA,580.7934,581.5032,582.2129
7/28/2021,YUAN/RENMINBI,62.9303,63.0077,63.085
7/28/2021,RIYAL,109.0919,109.2252,109.3585
7/28/2021,SOUTH AFRICAN RAND,27.6161,27.6498,27.6836
7/28/2021,DANISH KRONA,64.9337,65.013,65.0924
7/28/2021,SDR,581.4982,582.2088,582.9194
7/27/2021,US DOLLAR,409.16,409.66,410.16
7/27/2021,EURO,483.5044,484.0952,484.6861
7/27/2021,SWISS FRANC,447.2183,447.7648,448.3113
7/27/2021,YEN,3.7196,3.7242,3.7287
7/27/2021,CFA,0.7161,0.7261,0.7361
7/27/2021,WAUA,580.9508,581.6608,582.3707
7/27/2021,YUAN/RENMINBI,62.8549,62.9322,63.0094
7/27/2021,RIYAL,109.0919,109.2252,109.3585
7/27/2021,SOUTH AFRICAN RAND,27.5662,27.5999,27.6336
7/27/2021,DANISH KRONA,64.9914,65.0708,65.1503
7/27/2021,SDR,581.6619,582.3727,583.0835
7/27/2021,POUNDS STERLING,565.4591,566.1501,566.8411
7/26/2021,US DOLLAR,409.15,409.65,410.15
7/26/2021,POUNDS STERLING,564.5452,565.2351,565.925
7/26/2021,YEN,3.7091,3.7136,3.7182
7/26/2021,CFA,0.7148,0.7248,0.7348
7/26/2021,WAUA,580.3482,581.0574,581.7666
7/26/2021,YUAN/RENMINBI,63.0996,63.1772,63.2547
7/26/2021,RIYAL,109.0863,109.2196,109.3529
7/26/2021,SOUTH AFRICAN RAND,27.6208,27.6546,27.6883
7/26/2021,DANISH KRONA,64.8703,64.9496,65.0289
7/26/2021,SDR,581.0748,581.7849,582.495
7/22/2021,US DOLLAR,409.14,409.64,410.14
7/22/2021,POUNDS STERLING,563.1812,563.8695,564.5577
7/22/2021,EURO,481.8851,482.474,483.0629
7/22/2021,SWISS FRANC,444.7657,445.3093,445.8528
7/22/2021,YEN,3.7114,3.7159,3.7204
7/22/2021,CFA,0.7151,0.7251,0.7351
7/22/2021,WAUA,580.1991,580.9082,581.6172
7/22/2021,YUAN/RENMINBI,63.2522,63.3299,63.4077
7/22/2021,RIYAL,109.0778,109.2111,109.3444
7/22/2021,DANISH KRONA,64.7732,64.8524,64.9315
7/22/2021,SOUTH AFRICAN RAND,28.0958,28.1302,28.1645
7/22/2021,SDR,581.2652,581.9755,582.6859
7/19/2021,US DOLLAR,409.13,409.63,410.13
7/19/2021,POUNDS STERLING,560.4672,561.1521,561.8371
7/19/2021,EURO,481.4642,482.0526,482.641
7/19/2021,SWISS FRANC,444.079,444.6217,445.1644
7/19/2021,YEN,3.7323,3.7368,3.7414
7/19/2021,CFA,0.717,0.727,0.737
7/19/2021,WAUA,581.3474,582.0578,582.7683
7/19/2021,YUAN/RENMINBI,63.0498,63.1274,63.2049
7/19/2021,RIYAL,109.0781,109.2114,109.3447
7/19/2021,SOUTH AFRICAN RAND,28.1906,28.225,28.2595
7/19/2021,DANISH KRONA,64.7194,64.7985,64.8776
7/19/2021,SDR,582.0693,582.7806,583.492
7/16/2021,US DOLLAR,409.13,409.63,410.13
7/16/2021,POUNDS STERLING,565.2131,565.9038,566.5946
7/16/2021,EURO,482.6097,483.1995,483.7893
7/16/2021,SWISS FRANC,444.6099,445.1532,445.6966
7/16/2021,YEN,3.7119,3.7165,3.721
7/16/2021,CFA,0.7174,0.7274,0.7374
7/16/2021,WAUA,582.1279,582.8393,583.5507
7/16/2021,YUAN/RENMINBI,63.2164,63.2942,63.3719
7/16/2021,RIYAL,109.0781,109.2114,109.3447
7/16/2021,SOUTH AFRICAN RAND,28.4308,28.4655,28.5003
7/16/2021,DANISH KRONA,64.863,64.9423,65.0216
7/16/2021,SDR,582.8466,583.5589,584.2712
7/15/2021,US DOLLAR,409.13,409.63,410.13
7/15/2021,POUNDS STERLING,567.5451,568.2387,568.9323
7/15/2021,EURO,483.2234,483.814,484.4045
7/15/2021,SWISS FRANC,446.1127,446.6579,447.2031
7/15/2021,YEN,3.7183,3.7229,3.7274
7/15/2021,CFA,0.7176,0.7276,0.7376
7/15/2021,WAUA,581.3842,582.0947,582.8052
7/15/2021,YUAN/RENMINBI,63.279,63.3568,63.4346
7/15/2021,RIYAL,109.0781,109.2114,109.3447
7/15/2021,SOUTH AFRICAN RAND,28.0832,28.1175,28.1518
7/15/2021,DANISH KRONA,64.9598,65.0392,65.1186
7/15/2021,SDR,582.1102,582.8216,583.533
7/14/2021,US DOLLAR,409.13,409.63,410.13
7/14/2021,EURO,482.978,483.5682,484.1585
7/14/2021,SWISS FRANC,445.5298,446.0743,446.6188
7/14/2021,YEN,3.7049,3.7094,3.7139
7/14/2021,WAUA,582.2179,582.9295,583.641
7/14/2021,YUAN/RENMINBI,63.3055,63.3833,63.4611
7/14/2021,RIYAL,109.081,109.2143,109.3476
7/14/2021,RIYAL,109.081,109.2143,109.3476
7/14/2021,DANISH KRONA,64.9227,65.0021,65.0814
7/14/2021,SDR,582.9693,583.6818,584.3942
7/13/2021,US DOLLAR,409.11,409.61,410.11
7/13/2021,POUNDS STERLING,566.6583,567.3508,568.0434
7/13/2021,EURO,484.5499,485.1421,485.7343
7/13/2021,SWISS FRANC,446.1396,446.6848,447.2301
7/13/2021,YEN,3.7114,3.716,3.7205
7/13/2021,CFA,0.7201,0.7301,0.7401
7/13/2021,WAUA,582.1484,582.8599,583.5714
7/13/2021,YUAN/RENMINBI,63.2524,63.3302,63.408
7/13/2021,RIYAL,109.0756,109.2089,109.3423
7/13/2021,SOUTH AFRICAN RAND,28.0474,28.0816,28.1159
7/13/2021,DANISH KRONA,65.1314,65.211,65.2906
7/13/2021,SDR,582.859,583.5714,584.2837
7/12/2021,US DOLLAR,409.11,409.61,410.11
7/12/2021,POUNDS STERLING,566.5764,567.2689,567.9613
7/12/2021,EURO,484.4681,485.0602,485.6523
7/12/2021,SWISS FRANC,446.4317,446.9773,447.5229
7/12/2021,YEN,3.7121,3.7166,3.7212
7/12/2021,CFA,0.7205,0.7305,0.7405
7/12/2021,WAUA,582.128,582.8394,583.5509
7/12/2021,YUAN/RENMINBI,63.1655,63.2432,63.3208
7/12/2021,RIYAL,109.0698,109.2031,109.3364
7/12/2021,SOUTH AFRICAN RAND,28.2515,28.286,28.3206
7/12/2021,DANISH KRONA,65.1242,65.2038,65.2833
7/12/2021,SDR,582.859,583.5714,584.2837
7/9/2021,US DOLLAR,409.11,409.61,410.11
7/9/2021,POUNDS STERLING,565.5537,566.2449,566.9361
7/9/2021,EURO,485.2454,485.8384,486.4315
7/9/2021,SWISS FRANC,447.0659,447.6123,448.1587
7/9/2021,YEN,3.7195,3.7241,3.7286
7/9/2021,CFA,0.7192,0.7292,0.7392
7/9/2021,WAUA,581.7317,582.4426,583.1536
7/9/2021,YUAN/RENMINBI,63.1382,63.2158,63.2935
7/9/2021,RIYAL,109.0698,109.2031,109.3364
7/9/2021,SOUTH AFRICAN RAND,28.7543,28.7894,28.8246
7/9/2021,DANISH KRONA,65.2353,65.315,65.3947
7/9/2021,SDR,582.4499,583.1618,583.8736
7/8/2021,US DOLLAR,409.11,409.61,410.11
7/8/2021,POUNDS STERLING,563.2626,563.951,564.6394
7/8/2021,EURO,484.9181,485.5107,486.1034
7/8/2021,SWISS FRANC,446.4804,447.0261,447.5718
7/8/2021,YEN,3.7283,3.7329,3.7374
7/8/2021,CFA,0.7188,0.7288,0.7388
7/8/2021,WAUA,581.566,582.2767,582.9875
7/8/2021,YUAN/RENMINBI,63.0458,63.1233,63.2008
7/8/2021,RIYAL,109.0727,109.206,109.3393
7/8/2021,SOUTH AFRICAN RAND,28.4739,28.5087,28.5435
7/8/2021,DANISH KRONA,65.1958,65.2755,65.3551
7/8/2021,SDR,582.409,583.1208,583.8326
7/7/2021,US DOLLAR,409.12,409.62,410.12
7/7/2021,POUNDS STERLING,566.0993,566.7912,567.483
7/7/2021,EURO,483.989,484.5805,485.172
7/7/2021,SWISS FRANC,443.1062,443.6478,444.1893
7/7/2021,YEN,3.6978,3.7023,3.7068
7/7/2021,CFA,0.7192,0.7292,0.7392
7/7/2021,WAUA,581.9665,582.6778,583.389
7/7/2021,YUAN/RENMINBI,63.2745,63.3523,63.4301
7/7/2021,RIYAL,109.0783,109.2116,109.3449
7/7/2021,SOUTH AFRICAN RAND,28.6681,28.7032,28.7382
7/7/2021,DANISH KRONA,65.0812,65.1607,65.2403
7/7/2021,SDR,582.6687,583.3808,584.0929
7/6/2021,US DOLLAR,409.12,409.62,410.12
7/6/2021,POUNDS STERLING,566.9176,567.6104,568.3033
7/6/2021,EURO,484.4799,485.072,485.6641
7/6/2021,SWISS FRANC,443.2503,443.792,444.3337
7/6/2021,YEN,3.6974,3.7019,3.7065
7/6/2021,CFA,0.7221,0.7321,0.7421
7/6/2021,WAUA,581.8622,582.5733,583.2844
7/6/2021,YUAN/RENMINBI,63.2618,63.3396,63.4173
7/6/2021,RIYAL,109.0841,109.2174,109.3508
7/6/2021,SOUTH AFRICAN RAND,28.7616,28.7968,28.8319
7/6/2021,DANISH KRONA,65.1423,65.222,65.3016
7/6/2021,SDR,582.546,583.2579,583.9699
7/5/2021,DANISH KRONA,65.2989,65.3787,65.4585
7/5/2021,SDR,582.5602,583.2722,583.9841
7/5/2021,US DOLLAR,409.13,409.63,410.13
7/5/2021,POUNDS STERLING,566.8496,567.5424,568.2351
7/5/2021,EURO,485.7191,486.3127,486.9063
7/5/2021,SWISS FRANC,443.9345,444.477,445.0195
7/5/2021,YEN,3.6905,3.695,3.6995
7/5/2021,CFA,0.7222,0.7322,0.7422
7/5/2021,WAUA,581.9048,582.616,583.3271
7/5/2021,YUAN/RENMINBI,63.3123,63.3901,63.468
7/5/2021,RIYAL,109.0868,109.2201,109.3534
7/5/2021,SOUTH AFRICAN RAND,28.7619,28.7971,28.8322
7/5/2021,DANISH KRONA,65.2989,65.3787,65.4585
7/5/2021,SDR,582.5602,583.2722,583.9841
7/2/2021,US DOLLAR,409.16,409.66,410.16
7/2/2021,POUNDS STERLING,562.3495,563.0367,563.7239
7/2/2021,EURO,483.7908,484.382,484.9732
7/2/2021,SWISS FRANC,442.0484,442.5886,443.1288
7/2/2021,YEN,3.6719,3.6764,3.6809
7/2/2021,CFA,0.7237,0.7337,0.7437
7/2/2021,WAUA,583.0749,583.7875,584.5
7/2/2021,YUAN/RENMINBI,63.1109,63.1885,63.266
7/2/2021,RIYAL,109.0919,109.2252,109.3585
7/2/2021,SOUTH AFRICAN RAND,28.3162,28.3508,28.3854
7/2/2021,DANISH KRONA,65.0483,65.1277,65.2072
7/2/2021,SDR,582.6029,583.3149,584.0268
7/1/2021,US DOLLAR,409.16,409.66,410.16
7/1/2021,POUNDS STERLING,564.8863,565.5766,566.2669
7/1/2021,EURO,485.9593,486.5532,487.147
7/1/2021,SWISS FRANC,442.1439,442.6842,443.2246
7/1/2021,YEN,3.6709,3.6754,3.6799
7/1/2021,CFA,0.7224,0.7324,0.7424
7/1/2021,WAUA,583.0737,583.7863,584.4988
7/1/2021,YUAN/RENMINBI,63.2729,63.3507,63.4284
7/1/2021,RIYAL,109.0919,109.2252,109.3585
7/1/2021,SOUTH AFRICAN RAND,28.6478,28.6829,28.7179
7/1/2021,DANISH KRONA,65.3287,65.4085,65.4883
7/1/2021,SDR,583.6258,584.339,585.0522
6/30/2021,US DOLLAR,409.16,409.66,410.16
6/30/2021,POUNDS STERLING,567.464,568.1575,568.8509
6/30/2021,EURO,486.6549,487.2496,487.8443
6/30/2021,SWISS FRANC,443.2456,443.7872,444.3289
6/30/2021,YEN,3.7011,3.7057,3.7102
6/30/2021,CFA,0.7224,0.7324,0.7424
6/30/2021,WAUA,583.0737,583.7863,584.4988
6/30/2021,YUAN/RENMINBI,63.3562,63.434,63.5119
6/30/2021,RIYAL,109.0948,109.2281,109.3614
6/30/2021,SOUTH AFRICAN RAND,28.6128,28.6478,28.6827
6/30/2021,DANISH KRONA,65.4352,65.5152,65.5952
6/30/2021,SDR,583.7895,584.5029,585.2163
6/29/2021,US DOLLAR,409.16,409.66,410.16
6/29/2021,POUNDS STERLING,565.7864,566.4778,567.1692
6/29/2021,EURO,486.5731,487.1677,487.7623
6/29/2021,SWISS FRANC,443.5339,444.0759,444.6179
6/29/2021,YEN,3.6975,3.702,3.7065
6/29/2021,CFA,0.7238,0.7338,0.7438
6/29/2021,WAUA,583.8133,584.5268,585.2402
6/29/2021,YUAN/RENMINBI,63.314,63.3918,63.4697
6/29/2021,RIYAL,109.0948,109.2281,109.3614
6/29/2021,SOUTH AFRICAN RAND,28.5137,28.5485,28.5834
6/29/2021,DANISH KRONA,65.4164,65.4963,65.5763
6/29/2021,SDR,584.526,585.2403,585.9546
6/28/2021,US DOLLAR,409.16,409.66,410.16
6/28/2021,POUNDS STERLING,568.2823,568.9768,569.6712
6/28/2021,EURO,487.1868,487.7822,488.3775
6/28/2021,SWISS FRANC,444.1598,444.7026,445.2453
6/28/2021,YEN,3.6875,3.692,3.6965
6/28/2021,CFA,0.7263,0.7363,0.7463
6/28/2021,WAUA,583.9626,584.6762,585.3898
6/28/2021,YUAN/RENMINBI,63.3473,63.4252,63.5031
6/28/2021,RIYAL,109.0977,109.231,109.3643
6/28/2021,SOUTH AFRICAN RAND,28.6852,28.7203,28.7553
6/28/2021,DANISH KRONA,65.4928,65.5729,65.6529
6/28/2021,SDR,584.6487,585.3632,586.0776
6/25/2021,US DOLLAR,409.17,409.67,410.17
6/25/2021,POUNDS STERLING,568.7463,569.4413,570.1363
6/25/2021,EURO,488.8354,489.4327,490.0301
6/25/2021,SWISS FRANC,446.0105,446.5555,447.1005
6/25/2021,YEN,3.6952,3.6997,3.7042
6/25/2021,CFA,0.7254,0.7354,0.7454
6/25/2021,WAUA,583.9381,584.6516,585.3652
6/25/2021,YUAN/RENMINBI,63.3685,63.4464,63.5243
6/25/2021,RIYAL,109.1033,109.2366,109.3699
6/25/2021,SOUTH AFRICAN RAND,29.0134,29.0488,29.0843
6/25/2021,DANISH KRONA,65.7143,65.7946,65.8749
6/25/2021,SDR,584.663,585.3775,586.0919
6/24/2021,US DOLLAR,409.17,409.67,410.17
6/24/2021,POUNDS STERLING,568.5417,569.2365,569.9312
6/24/2021,EURO,488.3853,488.9821,489.5789
6/24/2021,SWISS FRANC,445.1371,445.681,446.225
6/24/2021,YEN,3.6942,3.6987,3.7032
6/24/2021,CFA,0.7264,0.7364,0.7464
6/24/2021,WAUA,583.8255,584.539,585.2524
6/24/2021,YUAN/RENMINBI,63.2588,63.3365,63.4143
6/24/2021,RIYAL,109.1033,109.2366,109.3699
6/24/2021,SOUTH AFRICAN RAND,28.7486,28.7837,28.8188
6/24/2021,DANISH KRONA,65.6626,65.7429,65.8231
6/24/2021,SDR,584.5403,585.2546,585.9689
6/23/2021,US DOLLAR,409.18,409.68,410.18
6/23/2021,POUNDS STERLING,571.9109,572.6097,573.3086
6/23/2021,EURO,488.6428,489.2399,489.837
6/23/2021,SWISS FRANC,445.5842,446.1287,446.6732
6/23/2021,YEN,3.6913,3.6958,3.7003
6/23/2021,CFA,0.7229,0.7329,0.7429
6/23/2021,WAUA,582.9898,583.7022,584.4146
6/23/2021,YUAN/RENMINBI,63.1734,63.2511,63.3287
6/23/2021,RIYAL,109.1088,109.2422,109.3755
6/23/2021,SOUTH AFRICAN RAND,28.851,28.8863,28.9216
6/23/2021,DANISH KRONA,65.7053,65.7856,65.8659
6/23/2021,SDR,583.6953,584.4085,585.1218
6/22/2021,US DOLLAR,409.19,409.69,410.19
6/22/2021,POUNDS STERLING,568.815,569.5101,570.2051
6/22/2021,EURO,486.6906,487.2853,487.88
6/22/2021,SWISS FRANC,444.5784,445.1217,445.6649
6/22/2021,CFA,0.7227,0.7327,0.7427
6/22/2021,WAUA,583.2616,583.9743,584.687
6/22/2021,YUAN/RENMINBI,63.1935,63.2712,63.3488
6/22/2021,RIYAL,109.1144,109.2478,109.3811
6/22/2021,DANISH KRONA,65.4442,65.5242,65.6042
6/22/2021,SDR,583.955,584.6686,585.3821
6/22/2021,SOUTH AFRICAN RAND,28.5265,28.5614,28.5962
6/21/2021,US DOLLAR,409.2,409.7,410.2
6/21/2021,POUNDS STERLING,567.6422,568.3358,569.0294
6/21/2021,EURO,486.5797,487.1743,487.7688
6/21/2021,SWISS FRANC,444.0586,444.6012,445.1438
6/21/2021,YEN,3.7166,3.7212,3.7257
6/21/2021,CFA,0.7231,0.7331,0.7431
6/21/2021,WAUA,583.9237,584.6372,585.3507
6/21/2021,YUAN/RENMINBI,63.2634,63.3412,63.4189
6/21/2021,RIYAL,109.1113,109.2446,109.3779
6/21/2021,SOUTH AFRICAN RAND,28.7174,28.7525,28.7876
6/21/2021,DANISH KRONA,65.4186,65.4986,65.5785
6/21/2021,SDR,584.624,585.3384,586.0527
6/18/2021,US DOLLAR,409.2,409.7,410.2
6/18/2021,POUNDS STERLING,568.0514,568.7455,569.4396
6/18/2021,EURO,487.2754,487.8708,488.4662
6/18/2021,SWISS FRANC,445.3635,445.9077,446.4519
6/18/2021,YEN,3.7143,3.7188,3.7233
6/18/2021,CFA,0.7256,0.7356,0.7456
6/18/2021,WAUA,584.175,584.8888,585.6026
6/18/2021,YUAN/RENMINBI,63.5434,63.6215,63.6996
6/18/2021,RIYAL,109.1113,109.2446,109.3779
6/18/2021,SOUTH AFRICAN RAND,28.9539,28.9893,29.0247
6/18/2021,DANISH KRONA,65.5171,65.5971,65.6772
6/18/2021,SDR,584.8696,585.5842,586.2989
6/17/2021,US DOLLAR,409.21,409.71,410.21
6/17/2021,POUNDS STERLING,571.0116,571.7093,572.407
6/17/2021,SWISS FRANC,446.931,447.4771,448.0232
6/17/2021,YEN,3.6969,3.7014,3.7059
6/17/2021,CFA,0.7371,0.7471,0.7571
6/17/2021,WAUA,588.2882,589.007,589.7258
6/17/2021,YUAN/RENMINBI,63.4947,63.5727,63.6508
6/17/2021,RIYAL,109.1139,109.2473,109.3806
6/17/2021,SOUTH AFRICAN RAND,29.0053,29.0408,29.0762
6/17/2021,DANISH KRONA,65.6711,65.7514,65.8316
6/17/2021,SDR,589.1396,589.8595,590.5793
6/17/2021,EURO,488.474,489.0708,489.6677
6/16/2021,US DOLLAR,409.22,409.72,410.22
6/16/2021,POUNDS STERLING,577.9005,578.6066,579.3127
6/16/2021,EURO,496.0156,496.6216,497.2277
6/16/2021,SWISS FRANC,454.9922,455.5481,456.1041
6/16/2021,YEN,3.7229,3.7274,3.732
6/16/2021,CFA,0.7361,0.7461,0.7561
6/16/2021,WAUA,588.0757,588.7943,589.5128
6/16/2021,YUAN/RENMINBI,63.9437,64.0223,64.1009
6/16/2021,RIYAL,109.1166,109.2499,109.3832
6/16/2021,SOUTH AFRICAN RAND,29.7736,29.81,29.8463
6/16/2021,DANISH KRONA,66.6884,66.7699,66.8514
6/16/2021,SDR,588.9494,589.669,590.3886
6/15/2021,US DOLLAR,409.12,409.62,410.12
6/15/2021,POUNDS STERLING,574.65,575.3523,576.0546
6/15/2021,EURO,495.3625,495.9679,496.5733
6/15/2021,SWISS FRANC,454.4263,454.9817,455.537
6/15/2021,YEN,3.7149,3.7194,3.724
6/15/2021,CFA,0.7364,0.7464,0.7564
6/15/2021,WAUA,588.2941,589.013,589.732
6/15/2021,YUAN/RENMINBI,63.9071,63.9857,64.0642
6/15/2021,RIYAL,109.087,109.2203,109.3537
6/15/2021,SOUTH AFRICAN RAND,29.6487,29.685,29.7212
6/15/2021,DANISH KRONA,66.5994,66.6808,66.7622
6/15/2021,SDR,589.0101,589.7299,590.4498
6/11/2021,US DOLLAR,409.13,409.63,410.13
6/11/2021,POUNDS STERLING,579.1644,579.8722,580.58
6/11/2021,EURO,496.3565,496.9631,497.5697
6/11/2021,SWISS FRANC,456.0076,456.5649,457.1222
6/11/2021,YEN,3.7323,3.7368,3.7414
6/11/2021,CFA,0.7408,0.7508,0.7608
6/11/2021,WAUA,589.6182,590.3388,591.0594
6/11/2021,YUAN/RENMINBI,63.9816,64.0603,64.1389
6/11/2021,RIYAL,109.0868,109.2201,109.3534
6/11/2021,SOUTH AFRICAN RAND,30.1285,30.1653,30.2021
6/11/2021,DANISH KRONA,66.7335,66.8151,66.8967
6/11/2021,SDR,590.0473,590.7684,591.4895
6/10/2021,US DOLLAR,409.13,409.63,410.13
6/10/2021,POUNDS STERLING,576.8733,577.5783,578.2833
6/10/2021,EURO,497.9521,498.5607,499.1692
6/10/2021,SWISS FRANC,456.3127,456.8704,457.4281
6/10/2021,YEN,3.7336,3.7382,3.7427
6/10/2021,CFA,0.7408,0.7508,0.7608
6/10/2021,WAUA,589.6181,590.3387,591.0593
6/10/2021,YUAN/RENMINBI,63.9927,64.0713,64.15
6/10/2021,RIYAL,109.0664,109.1997,109.333
6/10/2021,SOUTH AFRICAN RAND,29.9591,29.9957,30.0323
6/10/2021,DANISH KRONA,66.9333,67.0151,67.0969
6/10/2021,SDR,590.7019,591.4238,592.1457
6/9/2021,US DOLLAR,409.14,409.64,410.14
6/9/2021,POUNDS STERLING,579.8741,580.5828,581.2914
6/9/2021,EURO,498.8644,499.4741,500.0837
6/9/2021,SWISS FRANC,456.8334,457.3917,457.95
6/9/2021,YEN,3.7395,3.7441,3.7487
6/9/2021,CFA,0.7408,0.7508,0.7608
6/9/2021,WAUA,589.6182,590.3387,591.0593
6/9/2021,YUAN/RENMINBI,64.0664,64.1451,64.2239
6/9/2021,RIYAL,109.0895,109.2228,109.3561
6/9/2021,SOUTH AFRICAN RAND,30.1861,30.223,30.2599
6/9/2021,DANISH KRONA,67.0677,67.1497,67.2317
6/9/2021,SDR,590.3072,591.0286,591.75
6/8/2021,US DOLLAR,409.15,409.65,410.15
6/8/2021,POUNDS STERLING,578.8654,579.5728,580.2802
6/8/2021,EURO,498.3447,498.9537,499.5627
6/8/2021,SWISS FRANC,456.5387,457.0966,457.6545
6/8/2021,YEN,3.7389,3.7435,3.7481
6/8/2021,CFA,0.7396,0.7496,0.7596
6/8/2021,WAUA,589.3161,590.0362,590.7564
6/8/2021,YUAN/RENMINBI,63.9418,64.0204,64.099
6/8/2021,RIYAL,109.0921,109.2254,109.3588
6/8/2021,SOUTH AFRICAN RAND,30.2424,30.2794,30.3164
6/8/2021,DANISH KRONA,66.9991,67.081,67.1628
6/8/2021,SDR,589.9943,590.7153,591.4363
6/7/2021,US DOLLAR,409.17,409.67,410.17
6/7/2021,POUNDS STERLING,579.8348,580.5434,581.2519
6/7/2021,EURO,497.7533,498.3636,498.9718
6/7/2021,YEN,3.7429,3.7474,3.752
6/7/2021,CFA,0.7368,0.7468,0.7568
6/7/2021,WAUA,588.0145,588.7331,589.4516
6/7/2021,YUAN/RENMINBI,63.9589,64.0375,64.1161
6/7/2021,RIYAL,109.1004,109.2337,109.367
6/7/2021,SOUTH AFRICAN RAND,30.3728,30.4099,30.447
6/7/2021,DANISH KRONA,66.9235,67.0052,67.087
6/7/2021,SDR,588.7138,589.4332,590.1526
6/4/2021,US DOLLAR,409.18,409.68,410.18
6/4/2021,POUNDS STERLING,578.5396,579.2466,579.9535
6/4/2021,EURO,495.9262,496.5322,497.1382
6/4/2021,SWISS FRANC,452.5827,453.1357,453.6888
6/4/2021,YEN,3.7161,3.7206,3.7252
6/4/2021,CFA,0.7412,0.7512,0.7612
6/4/2021,WAUA,589.8784,590.5992,591.32
6/4/2021,YUAN/RENMINBI,63.8307,63.9092,63.9876
6/4/2021,RIYAL,109.103,109.2363,109.3697
6/4/2021,SOUTH AFRICAN RAND,29.9583,29.9949,30.0316
6/4/2021,DANISH KRONA,66.6612,66.7427,66.8242
6/4/2021,SDR,590.5695,591.2911,592.0128
6/3/2021,US DOLLAR,409.2,409.7,410.2
6/3/2021,POUNDS STERLING,580.1638,580.8727,581.5816
6/3/2021,EURO,498.6511,499.2604,499.8697
6/3/2021,SWISS FRANC,454.7677,455.3234,455.8791
6/3/2021,YEN,3.7261,3.7307,3.7352
6/3/2021,CFA,0.7412,0.7512,0.7612
6/3/2021,WAUA,589.5109,590.2312,590.9515
6/3/2021,YUAN/RENMINBI,63.9806,64.0592,64.1378
6/3/2021,SOUTH AFRICAN RAND,30.177,30.2139,30.2507
6/3/2021,DANISH KRONA,67.0369,67.1188,67.2007
6/3/2021,SDR,590.1892,590.9103,591.6315
6/3/2021,RIYAL,109.1084,109.2417,109.375
6/2/2021,US DOLLAR,409.22,409.72,410.22
6/2/2021,POUNDS STERLING,578.7189,579.426,580.1331
6/2/2021,EURO,498.43,499.039,499.648
6/2/2021,SWISS FRANC,453.9827,454.5374,455.0921
6/2/2021,YEN,3.727,3.7315,3.7361
6/2/2021,CFA,0.7432,0.7532,0.7632
6/2/2021,WAUA,590.2973,591.0186,591.7398
6/2/2021,YUAN/RENMINBI,64.0548,64.1335,64.2123
6/2/2021,RIYAL,109.1137,109.247,109.3803
6/2/2021,SOUTH AFRICAN RAND,29.7838,29.8202,29.8565
6/2/2021,DANISH KRONA,67.0182,67.1001,67.182
6/2/2021,SDR,591.3229,592.0454,592.7679
6/1/2021,US DOLLAR,409,409.5,410
6/1/2021,POUNDS STERLING,579.6757,580.3844,581.093
6/1/2021,EURO,499.9616,500.5728,501.184
6/1/2021,SWISS FRANC,455.1525,455.7089,456.2653
6/1/2021,YEN,3.7304,3.735,3.7395
6/1/2021,CFA,0.7415,0.7515,0.7615
6/1/2021,WAUA,590.1494,590.8708,591.5923
6/1/2021,YUAN/RENMINBI,64.0555,64.1342,64.213
6/1/2021,RIYAL,109.055,109.1884,109.3217
6/1/2021,SOUTH AFRICAN RAND,29.6822,29.7185,29.7548
6/1/2021,DANISH KRONA,67.2255,67.3077,67.3899
6/1/2021,SDR,590.8823,591.6047,592.327
5/31/2021,US DOLLAR,409,409.5,410
5/31/2021,POUNDS STERLING,580.1256,580.8348,581.544
5/31/2021,EURO,498.98,499.59,500.2
5/31/2021,SWISS FRANC,454.293,454.8484,455.4038
5/31/2021,YEN,3.729,3.7336,3.7381
5/31/2021,CFA,0.7415,0.7515,0.7615
5/31/2021,WAUA,590.1494,590.8708,591.5923
5/31/2021,YUAN/RENMINBI,64.1983,64.2772,64.3561
5/31/2021,RIYAL,109.055,109.1884,109.3217
5/31/2021,SOUTH AFRICAN RAND,29.6966,29.7329,29.7693
5/31/2021,DANISH KRONA,67.0855,67.1675,67.2495
5/31/2021,SDR,590.8823,591.6047,592.327
5/28/2021,US DOLLAR,409,409.5,410
5/28/2021,POUNDS STERLING,579.3894,580.0977,580.806
5/28/2021,EURO,497.2213,497.8292,498.437
5/28/2021,SWISS FRANC,453.4368,453.9911,454.5455
5/28/2021,YEN,3.7162,3.7207,3.7252
5/28/2021,CFA,0.7415,0.7515,0.7615
5/28/2021,WAUA,590.1494,590.8708,591.5923
5/28/2021,YUAN/RENMINBI,64.1801,64.259,64.3379
5/28/2021,RIYAL,109.0579,109.1913,109.3246
5/28/2021,SOUTH AFRICAN RAND,29.5877,29.6239,29.6601
5/28/2021,DANISH KRONA,66.8443,66.926,67.0077
5/28/2021,SDR,590.8823,591.6047,592.327
5/27/2021,US DOLLAR,409,409.5,410
5/27/2021,EURO,498.8164,499.4262,500.036
5/27/2021,SWISS FRANC,454.8488,455.4048,455.9609
5/27/2021,YEN,3.7434,3.7479,3.7525
5/27/2021,CFA,0.7439,0.7539,0.7639
5/27/2021,WAUA,591.221,591.9437,592.6665
5/27/2021,YUAN/RENMINBI,64.1258,64.2046,64.2835
5/27/2021,RIYAL,109.0579,109.1913,109.3246
5/27/2021,SOUTH AFRICAN RAND,29.7931,29.8295,29.866
5/27/2021,DANISH KRONA,67.0635,67.1455,67.2274
5/27/2021,SDR,591.5776,592.3008,593.024
5/26/2021,US DOLLAR,409.25,409.75,410.25
5/26/2021,POUNDS STERLING,579.5389,580.247,580.955
5/26/2021,EURO,500.3491,500.9604,501.5717
5/26/2021,SWISS FRANC,456.5994,457.1572,457.7151
5/26/2021,YEN,3.758,3.7626,3.7672
5/26/2021,CFA,0.7461,0.7561,0.7661
5/26/2021,WAUA,591.0911,591.8132,592.5354
5/26/2021,YUAN/RENMINBI,64.0244,64.1031,64.1818
5/26/2021,RIYAL,109.1246,109.2579,109.3912
5/26/2021,SOUTH AFRICAN RAND,29.566,29.6021,29.6383
5/26/2021,DANISH KRONA,67.2688,67.351,67.4332
5/26/2021,SDR,591.8164,592.5395,593.2625
5/25/2021,US DOLLAR,409.25,409.75,410.25
5/25/2021,POUNDS STERLING,579.8663,580.5748,581.2832
5/25/2021,EURO,501.7814,502.3945,503.0075
5/25/2021,SWISS FRANC,457.1911,457.7496,458.3082
5/25/2021,YEN,3.7594,3.764,3.7686
5/25/2021,CFA,0.7428,0.7528,0.7628
5/25/2021,WAUA,590.1631,590.8842,591.6052
5/25/2021,YUAN/RENMINBI,63.8865,63.965,64.0435
5/25/2021,RIYAL,109.1304,109.2638,109.3971
5/25/2021,SOUTH AFRICAN RAND,29.5957,29.6319,29.6681
5/25/2021,DANISH KRONA,67.4807,67.5631,67.6456
5/25/2021,SDR,590.8752,591.5971,592.319
5/24/2021,US DOLLAR,409.25,409.75,410.25
5/24/2021,POUNDS STERLING,578.2293,578.9358,579.6422
5/24/2021,EURO,499.858,500.4687,501.0794
5/24/2021,SWISS FRANC,456.1769,456.7343,457.2916
5/24/2021,YEN,3.7584,3.763,3.7676
5/24/2021,CFA,0.6851,0.6951,0.7051
5/24/2021,WAUA,547.0332,547.7016,548.3699
5/24/2021,YUAN/RENMINBI,63.6758,63.754,63.8323
5/24/2021,RIYAL,109.1275,109.2608,109.3942
5/24/2021,SOUTH AFRICAN RAND,29.2886,29.3244,29.3602
